id,name,link
accommodation_ChIJpc-0HmStNTERw-ercVi_8p0,A25 Signature Hotel - 684 Minh Khai,https://www.google.com/maps/place/A25+Signature+Hotel+-+684+Minh+Khai/data=!4m10!3m9!1s0x3135ad641eb4cfa5:0x9df2bf5871abe7c3!5m2!4m1!1i2!8m2!3d21.000652!4d105.8710087!16s%2Fg%2F1pxwqdm8y!19sChIJpc-0HmStNTERw-ercVi_8p0?authuser=0&hl=en&rclk=1
accommodation_ChIJPX0v8JarNTERizl6YUwG558,Acoustic Hotel & Spa,https://www.google.com/maps/place/Acoustic+Hotel+%26+Spa/data=!4m10!3m9!1s0x3135ab96f02f7d3d:0x9fe7064c617a398b!5m2!4m1!1i2!8m2!3d21.0276833!4d105.8445803!16s%2Fg%2F11h2jv601c!19sChIJPX0v8JarNTERizl6YUwG558?authuser=0&hl=en&rclk=1
accommodation_ChIJx7xVYb-rNTERc4FQYhB7QfM,AIRA Boutique Hanoi Hotel & Spa,https://www.google.com/maps/place/AIRA+Boutique+Hanoi+Hotel+%26+Spa/data=!4m10!3m9!1s0x3135abbf6155bcc7:0xf3417b1062508173!5m2!4m1!1i2!8m2!3d21.0307215!4d105.8418808!16s%2Fg%2F11c5bs71_9!19sChIJx7xVYb-rNTERc4FQYhB7QfM?authuser=0&hl=en&rclk=1
accommodation_ChIJQ5MA3wmrNTERV7sLCHspQDo,ALà Home,https://www.google.com/maps/place/AL%C3%A0+Home/data=!4m10!3m9!1s0x3135ab09df009343:0x3a40297b080bbb57!5m2!4m1!1i2!8m2!3d21.0528524!4d105.8350816!16s%2Fg%2F11jyk0grzd!19sChIJQ5MA3wmrNTERV7sLCHspQDo?authuser=0&hl=en&rclk=1
accommodation_ChIJa4nDzGFTNDEROv1rhhpm8dM,1001 Urban Retreat,https://www.google.com/maps/place/1001+Urban+Retreat/data=!4m7!3m6!1s0x31345361ccc3896b:0xd3f1661a866bfd3a!8m2!3d20.9674279!4d105.7574311!16s%2Fg%2F11r9f1q_r3!19sChIJa4nDzGFTNDEROv1rhhpm8dM?authuser=0&hl=en&rclk=1
travel_place_ChIJjdaqFhyrNTERR7032nCkLs0,22Land Moon West Lake - Studio Apartment,https://www.google.com/maps/place/22Land+Moon+West+Lake+-+Studio+Apartment/data=!4m11!3m10!1s0x3135ab1c16aad68d:0xcd2ea470da37bd47!5m2!4m1!1i2!8m2!3d21.0527096!4d105.8125!16s%2Fg%2F11md27fwq1!17BQ0FF!19sChIJjdaqFhyrNTERR7032nCkLs0?authuser=0&hl=en&rclk=1
accommodation_ChIJzXg_Wj2rNTER-aC5f8-QXmM,22land Residence Hotel & Spa Hanoi,https://www.google.com/maps/place/22land+Residence+Hotel+%26+Spa+Hanoi/data=!4m10!3m9!1s0x3135ab3d5a3f78cd:0x635e90cf7fb9a0f9!5m2!4m1!1i2!8m2!3d21.045847!4d105.8049919!16s%2Fg%2F11gmwfgc6s!19sChIJzXg_Wj2rNTER-aC5f8-QXmM?authuser=0&hl=en&rclk=1
accommodation_ChIJHy8zd1yrNTERnSKIq8gyVxA,29 Homestay Cầu Giấy,https://www.google.com/maps/place/29+Homestay+C%E1%BA%A7u+Gi%E1%BA%A5y/data=!4m10!3m9!1s0x3135ab5c77332f1f:0x105732c8ab88229d!5m2!4m1!1i2!8m2!3d21.0200145!4d105.8000687!16s%2Fg%2F11l668k3l9!19sChIJHy8zd1yrNTERnSKIq8gyVxA?authuser=0&hl=en&rclk=1
accommodation_ChIJq6rjzHasNTER24FlLuJJIfE,Alley homestay,https://www.google.com/maps/place/Alley+homestay/data=!4m10!3m9!1s0x3135ac76cce3aaab:0xf12149e22e6581db!5m2!4m1!1i2!8m2!3d21.0022595!4d105.8445218!16s%2Fg%2F11t4f0d548!19sChIJq6rjzHasNTER24FlLuJJIfE?authuser=0&hl=en&rclk=1
accommodation_ChIJO5IdMywDNTERz2UHyqkyICQ,Amaya Retreat,https://www.google.com/maps/place/Amaya+Retreat/data=!4m10!3m9!1s0x3135032c331d923b:0x242032a9ca0765cf!5m2!4m1!1i2!8m2!3d21.290046!4d105.7842178!16s%2Fg%2F11tc1212wc!19sChIJO5IdMywDNTERz2UHyqkyICQ?authuser=0&hl=en&rclk=1
accommodation_ChIJo-2_qLVhNDERZoHE506UFSc,Amour Resort Bavi,https://www.google.com/maps/place/Amour+Resort+Bavi/data=!4m10!3m9!1s0x313461b5a8bfeda3:0x2715944ee7c48166!5m2!4m1!1i2!8m2!3d21.0850413!4d105.3762544!16s%2Fg%2F11s6nrq3hk!19sChIJo-2_qLVhNDERZoHE506UFSc?authuser=0&hl=en&rclk=1
accommodation_ChIJT7vd8aSrNTERFMvdgA1VHtE,An Homestay,https://www.google.com/maps/place/An+Homestay/data=!4m10!3m9!1s0x3135aba4f1ddbb4f:0xd11e550d80ddcb14!5m2!4m1!1i2!8m2!3d21.0454053!4d105.8155244!16s%2Fg%2F11ysh_hvtp!19sChIJT7vd8aSrNTERFMvdgA1VHtE?authuser=0&hl=en&rclk=1
accommodation_ChIJcT9Qqg9fNDER40EYC2k2i90,Annam Garden,https://www.google.com/maps/place/Annam+Garden/data=!4m10!3m9!1s0x31345f0faa503f71:0xdd8b36690b1841e3!5m2!4m1!1i2!8m2!3d21.0605462!4d105.4082904!16s%2Fg%2F11j53qg7nf!19sChIJcT9Qqg9fNDER40EYC2k2i90?authuser=0&hl=en&rclk=1
accommodation_ChIJq0operCrNTERx5xAtkqhMuE,An Nguyen Lakeside Residence,https://www.google.com/maps/place/An+Nguyen+Lakeside+Residence/data=!4m10!3m9!1s0x3135abb07a294aab:0xe132a14ab6409cc7!5m2!4m1!1i2!8m2!3d21.0482875!4d105.8408545!16s%2Fg%2F11yb4dlpx2!19sChIJq0operCrNTERx5xAtkqhMuE?authuser=0&hl=en&rclk=1
accommodation_ChIJZ6EguZSrNTERWNKacZn1-iM,Annie's Little Hanoi,https://www.google.com/maps/place/Annie%27s+Little+Hanoi/data=!4m10!3m9!1s0x3135ab94b920a167:0x23faf599719ad258!5m2!4m1!1i2!8m2!3d21.0343085!4d105.8518399!16s%2Fg%2F11dzdh3wqz!19sChIJZ6EguZSrNTERWNKacZn1-iM?authuser=0&hl=en&rclk=1
accommodation_ChIJ5bFft-OtNTERmUyVBxV2SB8,Ann's Home Ha Noi,https://www.google.com/maps/place/Ann%27s+Home+Ha+Noi/data=!4m10!3m9!1s0x3135ade3b75fb1e5:0x1f48761507954c99!5m2!4m1!1i2!8m2!3d20.986223!4d105.8153782!16s%2Fg%2F11xn3kx49g!19sChIJ5bFft-OtNTERmUyVBxV2SB8?authuser=0&hl=en&rclk=1
accommodation_ChIJ1crhVAlVNDER6FyVD4Q0gY4,An Phú Hà Nội Hotel & Spa (Gần Bến Xe Mỹ Đình),https://www.google.com/maps/place/An+Ph%C3%BA+H%C3%A0+N%E1%BB%99i+Hotel+%26+Spa+%28G%E1%BA%A7n+B%E1%BA%BFn+Xe+M%E1%BB%B9+%C4%90%C3%ACnh%29/data=!4m10!3m9!1s0x3134550954e1cad5:0x8e8134840f955ce8!5m2!4m1!1i2!8m2!3d21.0284634!4d105.7760305!16s%2Fg%2F11r49gt_6y!19sChIJ1crhVAlVNDER6FyVD4Q0gY4?authuser=0&hl=en&rclk=1
accommodation_ChIJe2YII5WrNTERVlgmPi7tmds,Apricot Hotel,https://www.google.com/maps/place/Apricot+Hotel/data=!4m10!3m9!1s0x3135ab952308667b:0xdb99ed2e3e265856!5m2!4m1!1i2!8m2!3d21.0282089!4d105.8508662!16s%2Fg%2F11b6hwdfsv!19sChIJe2YII5WrNTERVlgmPi7tmds?authuser=0&hl=en&rclk=1
travel_place_ChIJk3hp-uNbNDERIjimuqsDnRA,Asean Resort,https://www.google.com/maps/place/Asean+Resort/data=!4m10!3m9!1s0x31345be3fa697893:0x109d03abbaa63822!5m2!4m1!1i2!8m2!3d21.032992!4d105.5138889!16s%2Fg%2F11vrp12h5t!19sChIJk3hp-uNbNDERIjimuqsDnRA?authuser=0&hl=en&rclk=1
accommodation_ChIJx77xKvKrNTER10q3B3wXxo8,Atlanta Residences,https://www.google.com/maps/place/Atlanta+Residences/data=!4m10!3m9!1s0x3135abf22af1bec7:0x8fc6177c07b74ad7!5m2!4m1!1i2!8m2!3d21.0161859!4d105.8579515!16s%2Fg%2F1tjhv3rf!19sChIJx77xKvKrNTER10q3B3wXxo8?authuser=0&hl=en&rclk=1
accommodation_ChIJ8QXD7oCrNTER7-GLHcy_4JY,Aurora Central Hotel,https://www.google.com/maps/place/Aurora+Central+Hotel/data=!4m10!3m9!1s0x3135ab80eec305f1:0x96e0bfcc1d8be1ef!5m2!4m1!1i2!8m2!3d21.0370745!4d105.8510936!16s%2Fg%2F11y6204zxh!19sChIJ8QXD7oCrNTER7-GLHcy_4JY?authuser=0&hl=en&rclk=1
accommodation_ChIJIQxydcurNTERsVVC6CZ4q10,Aurora Oriental Hotel,https://www.google.com/maps/place/Aurora+Oriental+Hotel/data=!4m10!3m9!1s0x3135abcb75720c21:0x5dab7826e84255b1!5m2!4m1!1i2!8m2!3d21.0300953!4d105.8548492!16s%2Fg%2F11x7pbvx5q!19sChIJIQxydcurNTERsVVC6CZ4q10?authuser=0&hl=en&rclk=1
accommodation_ChIJ09k5XWmrNTER7gqU3Lzm9wM,Azumaya Ha Noi 2,https://www.google.com/maps/place/Azumaya+Ha+Noi+2/data=!4m10!3m9!1s0x3135ab695d39d9d3:0x3f7e6bcdc940aee!5m2!4m1!1i2!8m2!3d21.0283207!4d105.8102788!16s%2Fg%2F11bysjqztd!19sChIJ09k5XWmrNTER7gqU3Lzm9wM?authuser=0&hl=en&rclk=1
accommodation_ChIJhSAnBo2rNTERgNMrOheIxKI,Azumaya Hotel Ha Noi,https://www.google.com/maps/place/Azumaya+Hotel+Ha+Noi/data=!4m10!3m9!1s0x3135ab8d06272085:0xa2c488173a2bd380!5m2!4m1!1i2!8m2!3d21.0182484!4d105.8499166!16s%2Fg%2F1tk6xzdc!19sChIJhSAnBo2rNTERgNMrOheIxKI?authuser=0&hl=en&rclk=1
accommodation_ChIJE_g4jmyrNTERr2pZ31GSMos,Azumaya Hotel Kim Ma 3,https://www.google.com/maps/place/Azumaya+Hotel+Kim+Ma+3/data=!4m10!3m9!1s0x3135ab6c8e38f813:0x8b329251df596aaf!5m2!4m1!1i2!8m2!3d21.0269618!4d105.8100923!16s%2Fg%2F11j0rgzddd!19sChIJE_g4jmyrNTERr2pZ31GSMos?authuser=0&hl=en&rclk=1
accommodation_ChIJ26wYlxSrNTERg5HhatjjfLc,Azumaya Hotel Linh Lang,https://www.google.com/maps/place/Azumaya+Hotel+Linh+Lang/data=!4m10!3m9!1s0x3135ab149718acdb:0xb77ce3d86ae19183!5m2!4m1!1i2!8m2!3d21.0362917!4d105.8104885!16s%2Fg%2F11hczyt3tw!19sChIJ26wYlxSrNTERg5HhatjjfLc?authuser=0&hl=en&rclk=1
accommodation_ChIJXbSySvCrNTERzWyx8VAwbB0,Ba Dinh Le rêveur Homestay,https://www.google.com/maps/place/Ba+Dinh+Le+r%C3%AAveur+Homestay/data=!4m10!3m9!1s0x3135abf04ab2b45d:0x1d6c3050f1b16ccd!5m2!4m1!1i2!8m2!3d21.037577!4d105.8309553!16s%2Fg%2F11txqwbx73!19sChIJXbSySvCrNTERzWyx8VAwbB0?authuser=0&hl=en&rclk=1
accommodation_ChIJh8yZYEarNTERoVhozmweQ7s,Bao Son International Hotel,https://www.google.com/maps/place/Bao+Son+International+Hotel/data=!4m10!3m9!1s0x3135ab68c6fe66c9:0xbb431e6cce6858a1!5m2!4m1!1i2!8m2!3d21.024484!4d105.810482!16s%2Fg%2F1tf6jpcg!19sChIJyWb-xmirNTERoVhozmweQ7s?authuser=0&hl=en&rclk=1
accommodation_ChIJOzlMeTJhNDERSW8O46sFt0U,Ba Vì Daisy Queen,https://www.google.com/maps/place/Ba+V%C3%AC+Daisy+Queen/data=!4m10!3m9!1s0x31346132794c393b:0x45b705abe30e6f49!5m2!4m1!1i2!8m2!3d21.1000888!4d105.3892235!16s%2Fg%2F11fs2kljjj!19sChIJOzlMeTJhNDERSW8O46sFt0U?authuser=0&hl=en&rclk=1
accommodation_ChIJ90e3qORhNDERe-3xC64eTmI,Bavi Myan Maison,https://www.google.com/maps/place/Bavi+Myan+Maison/data=!4m10!3m9!1s0x313461e4a8b747f7:0x624e1eae0bf1ed7b!5m2!4m1!1i2!8m2!3d21.1098706!4d105.3818323!16s%2Fg%2F11p0zf0x44!19sChIJ90e3qORhNDERe-3xC64eTmI?authuser=0&hl=en&rclk=1
accommodation_ChIJZR11K6asNTERSAjm4wJtEwI,Blue Hanoi Inn City Hotel,https://www.google.com/maps/place/Blue+Hanoi+Inn+City+Hotel/data=!4m10!3m9!1s0x3135aca62b751d65:0x2136d02e3e60848!5m2!4m1!1i2!8m2!3d21.010817!4d105.7953294!16s%2Fg%2F11f_d7y9_9!19sChIJZR11K6asNTERSAjm4wJtEwI?authuser=0&hl=en&rclk=1
accommodation_ChIJ4-_xhuWrNTER1GAIL3ch3wE,Blue Home Homestay,https://www.google.com/maps/place/Blue+Home+Homestay/data=!4m10!3m9!1s0x3135abe586f1efe3:0x1df21772f0860d4!5m2!4m1!1i2!8m2!3d21.0361696!4d105.7993267!16s%2Fg%2F11svp9_1ty!19sChIJ4-_xhuWrNTER1GAIL3ch3wE?authuser=0&hl=en&rclk=1
travel_place_ChIJrzWfkXarNTERsweyNwIQG_M,Calidas Landmark72 Royal Residence Hanoi,https://www.google.com/maps/place/Calidas+Landmark72+Royal+Residence+Hanoi/data=!4m10!3m9!1s0x3135ab76919f35af:0xf31b100237b207b3!5m2!4m1!1i2!8m2!3d21.0168359!4d105.7842974!16s%2Fg%2F11p9h32vzt!19sChIJrzWfkXarNTERsweyNwIQG_M?authuser=0&hl=en&rclk=1
accommodation_ChIJeysLiz2rNTER3KKgUoOxxUQ,Capella Hanoi,https://www.google.com/maps/place/Capella+Hanoi/data=!4m10!3m9!1s0x3135ab3d8b0b2b7b:0x44c5b18352a0a2dc!5m2!4m1!1i2!8m2!3d21.0257164!4d105.8566886!16s%2Fg%2F11qn6mmpw4!19sChIJeysLiz2rNTER3KKgUoOxxUQ?authuser=0&hl=en&rclk=1
accommodation_ChIJr8MTS0irNTERIuXo4jYS4dc,Capital Cau Giay Hotel,https://www.google.com/maps/place/Capital+Cau+Giay+Hotel/data=!4m10!3m9!1s0x3135ab484b13c3af:0xd7e11236e2e8e522!5m2!4m1!1i2!8m2!3d21.0341006!4d105.7909899!16s%2Fg%2F11l668b9qj!19sChIJr8MTS0irNTERIuXo4jYS4dc?authuser=0&hl=en&rclk=1
accommodation_ChIJc0g9vGOrNTER2-683p8fBLk,Capital Garden Hotel,https://www.google.com/maps/place/Capital+Garden+Hotel/data=!4m10!3m9!1s0x3135ab63bc3d4873:0xb9041f9fdebceedb!5m2!4m1!1i2!8m2!3d21.0154663!4d105.8131104!16s%2Fg%2F1tdh5x_8!19sChIJc0g9vGOrNTER2-683p8fBLk?authuser=0&hl=en&rclk=1
accommodation_ChIJa8njEparNTERGaryaRuzWMw,Champton Hanoi Hotel,https://www.google.com/maps/place/Champton+Hanoi+Hotel/data=!4m10!3m9!1s0x3135ab9612e3c96b:0xcc58b31b69f2aa19!5m2!4m1!1i2!8m2!3d21.0295635!4d105.8455842!16s%2Fg%2F11bz_wdzp8!19sChIJa8njEparNTERGaryaRuzWMw?authuser=0&hl=en&rclk=1
accommodation_ChIJU0dPAverNTERio5EBEO6SpU,Christina's Hanoi - Secret Garden,https://www.google.com/maps/place/Christina%27s+Hanoi+-+Secret+Garden/data=!4m10!3m9!1s0x3135abf7024f4753:0x954aba4304448e8a!5m2!4m1!1i2!8m2!3d21.0288999!4d105.844301!16s%2Fg%2F11h0c076h2!19sChIJU0dPAverNTERio5EBEO6SpU?authuser=0&hl=en&rclk=1
accommodation_ChIJn7vuoFNTNDERTSIhodUhFck,Chung cư Galia Hà Hội,https://www.google.com/maps/place/Chung+c%C6%B0+Galia+H%C3%A0+H%E1%BB%99i/data=!4m7!3m6!1s0x31345353a0eebb9f:0xc91521d5a121224d!8m2!3d20.9663081!4d105.8754231!16s%2Fg%2F11tszy9jpt!19sChIJn7vuoFNTNDERTSIhodUhFck?authuser=0&hl=en&rclk=1
accommodation_ChIJRwhw0wmrNTER9hva6gYIJVM,"CoCo International Co., Ltd","https://www.google.com/maps/place/CoCo+International+Co.,+Ltd/data=!4m10!3m9!1s0x3135ab09d3700847:0x53250806eada1bf6!5m2!4m1!1i2!8m2!3d21.0422512!4d105.8298566!16s%2Fg%2F1tpf4m5n!19sChIJRwhw0wmrNTER9hva6gYIJVM?authuser=0&hl=en&rclk=1"
accommodation_ChIJ6wkCZJWrNTER2Dknibuozx8,Dal Vostro Hotel & Spa,https://www.google.com/maps/place/Dal+Vostro+Hotel+%26+Spa/data=!4m10!3m9!1s0x3135ab95640209eb:0x1fcfa8bb892739d8!5m2!4m1!1i2!8m2!3d21.0307786!4d105.8501045!16s%2Fg%2F11f5ly8ybj!19sChIJ6wkCZJWrNTER2Dknibuozx8?authuser=0&hl=en&rclk=1
accommodation_ChIJpd1dUs2rNTERWaFoM4CbTno,Dao Anh Khanh Tree House,https://www.google.com/maps/place/Dao+Anh+Khanh+Tree+House/data=!4m10!3m9!1s0x3135abcd525ddda5:0x7a4e9b803368a159!5m2!4m1!1i2!8m2!3d21.0625523!4d105.8671314!16s%2Fg%2F11c55wflh7!19sChIJpd1dUs2rNTERWaFoM4CbTno?authuser=0&hl=en&rclk=1
accommodation_ChIJv1lu9vqqNTERJEboJ8vYZw0,Diamond Westlake Suites,https://www.google.com/maps/place/Diamond+Westlake+Suites/data=!4m10!3m9!1s0x3135aafaf66e59bf:0xd67d8cb27e84624!5m2!4m1!1i2!8m2!3d21.0666667!4d105.8191667!16s%2Fg%2F1tfmkvz4!19sChIJv1lu9vqqNTERJEboJ8vYZw0?authuser=0&hl=en&rclk=1
accommodation_ChIJvT9p1umrNTER4yHEEhYi6ks,Dolce By Wyndham Hanoi Golden Lake,https://www.google.com/maps/place/Dolce+By+Wyndham+Hanoi+Golden+Lake/data=!4m10!3m9!1s0x3135abe9d6693fbd:0x4bea221612c421e3!5m2!4m1!1i2!8m2!3d21.0294804!4d105.8212561!16s%2Fg%2F11h4cyyqln!19sChIJvT9p1umrNTER4yHEEhYi6ks?authuser=0&hl=en&rclk=1
accommodation_ChIJVVUhoMCrNTERFbu5ZTYaPwM,Downtown Hostel & Rooftop Bar,https://www.google.com/maps/place/Downtown+Hostel+%26+Rooftop+Bar/data=!4m10!3m9!1s0x3135abc0a0215555:0x33f1a3665b9bb15!5m2!4m1!1i2!8m2!3d21.0348263!4d105.8526861!16s%2Fg%2F11s3b0hgbl!19sChIJVVUhoMCrNTERFbu5ZTYaPwM?authuser=0&hl=en&rclk=1
accommodation_dessert_ChIJE7x1ZnCsNTERj8kmL36NT6o,DUC TRONG HOTEL,https://www.google.com/maps/place/DUC+TRONG+HOTEL/data=!4m7!3m6!1s0x3135ac706675bc13:0xaa4f8d7e2f26c98f!8m2!3d21.0293125!4d105.7958125!16s%2Fg%2F1pv0mvvzp!19sChIJE7x1ZnCsNTERj8kmL36NT6o?authuser=0&hl=en&rclk=1
accommodation_ChIJqWTqnxirNTERWu5u_cK1E-Y,Duly's House Âu Cơ,https://www.google.com/maps/place/Duly%27s+House+%C3%82u+C%C6%A1/data=!4m7!3m6!1s0x3135ab189fea64a9:0xe613b5c2fd6eee5a!8m2!3d21.0751384!4d105.8214237!16s%2Fg%2F11sbdq16tw!19sChIJqWTqnxirNTERWu5u_cK1E-Y?authuser=0&hl=en&rclk=1
accommodation_ChIJkTkarvyrNTERCYbl-kniOU0,Dusit Le Palais Tu Hoa Hanoi,https://www.google.com/maps/place/Dusit+Le+Palais+Tu+Hoa+Hanoi/data=!4m10!3m9!1s0x3135abfcae1a3991:0x4d39e249fae58609!5m2!4m1!1i2!8m2!3d21.076366!4d105.8202689!16s%2Fg%2F11y9_6qn3j!19sChIJkTkarvyrNTERCYbl-kniOU0?authuser=0&hl=en&rclk=1
accommodation_ChIJ-49oTHdTNDERZ1Beea4FZ9A,D' villa Hotel Dương Nội,https://www.google.com/maps/place/D%27+villa+Hotel+D%C6%B0%C6%A1ng+N%C3%B4%CC%A3i/data=!4m10!3m9!1s0x313453774c688ffb:0xd06705ae795e5067!5m2!4m1!1i2!8m2!3d20.9783715!4d105.7605937!16s%2Fg%2F11qrvp25f1!19sChIJ-49oTHdTNDERZ1Beea4FZ9A?authuser=0&hl=en&rclk=1
accommodation_ChIJo4twKrWqNTERbJbsqX4bfKU,Ecohome1,https://www.google.com/maps/place/Ecohome1/data=!4m7!3m6!1s0x3135aab52a708ba3:0xa57c1b7ea9ec966c!8m2!3d21.0865176!4d105.7829322!16s%2Fg%2F11bymw4846!19sChIJo4twKrWqNTERbJbsqX4bfKU?authuser=0&hl=en&rclk=1
accommodation_ChIJ74Mke5-rNTERTCUyew4119s,Elegant Mansion 88,https://www.google.com/maps/place/Elegant+Mansion+88/data=!4m10!3m9!1s0x3135ab9f7b2483ef:0xdbd7350e7b32254c!5m2!4m1!1i2!8m2!3d21.058864!4d105.825412!16s%2Fg%2F11khrgt98g!19sChIJ74Mke5-rNTERTCUyew4119s?authuser=0&hl=en&rclk=1
accommodation_ChIJbbVMo_6qNTERj8RYUoN48EQ,Elegant Suites Westlake Serviced Residences,https://www.google.com/maps/place/Elegant+Suites+Westlake+Serviced+Residences/data=!4m10!3m9!1s0x3135aafea34cb56d:0x44f078835258c48f!5m2!4m1!1i2!8m2!3d21.062033!4d105.8247673!16s%2Fg%2F11b6dd88l7!19sChIJbbVMo_6qNTERj8RYUoN48EQ?authuser=0&hl=en&rclk=1
accommodation_ChIJh58unuGrNTERaZVRKFoXb_0,Fairmont Hanoi,https://www.google.com/maps/place/Fairmont+Hanoi/data=!4m10!3m9!1s0x3135abea6384e34d:0xfd6f175a28519569!5m2!4m1!1i2!8m2!3d21.029194!4d105.855781!16s%2Fg%2F11ympg5dd6!19sChIJTeOEY-qrNTERaZVRKFoXb_0?authuser=0&hl=en&rclk=1
accommodation_ChIJRdbNFvP3NDERkebdffefnK0,Flamingo Đại Lải Resort,https://www.google.com/maps/place/Flamingo+%C4%90%E1%BA%A1i+L%E1%BA%A3i+Resort/data=!4m10!3m9!1s0x3134f7f316cdd645:0xad9c9ff77ddde691!5m2!4m1!1i2!8m2!3d21.3436651!4d105.7184447!16s%2Fg%2F11qg34pm_b!19sChIJRdbNFvP3NDERkebdffefnK0?authuser=0&hl=en&rclk=1
accommodation_ChIJiQpgAC70NDERADdiqcbTcbI,FLC Luxury Resort Vĩnh Phúc,https://www.google.com/maps/place/FLC+Luxury+Resort+V%C4%A9nh+Ph%C3%BAc/data=!4m10!3m9!1s0x3134f42e00600a89:0xb271d3c6a9623700!5m2!4m1!1i2!8m2!3d21.1815654!4d105.4893104!16s%2Fg%2F11b7q6rxgc!19sChIJiQpgAC70NDERADdiqcbTcbI?authuser=0&hl=en&rclk=1
accommodation_ChIJTwM5zgjjNDER_isjEzjBSk8,Forest In The Sky Resort,https://www.google.com/maps/place/Forest+In+The+Sky+Resort/data=!4m10!3m9!1s0x3134e308ce39034f:0x4f4ac13813232bfe!5m2!4m1!1i2!8m2!3d21.3449938!4d105.7177867!16s%2Fg%2F11rn4pr9xt!19sChIJTwM5zgjjNDER_isjEzjBSk8?authuser=0&hl=en&rclk=1
accommodation_ChIJv6YldHCrNTERMyZ9gOj74zA,Fortuna Hotel Hanoi,https://www.google.com/maps/place/Fortuna+Hotel+Hanoi/data=!4m10!3m9!1s0x3135ab7abaa6b3c7:0x30e3fbe8807d2633!5m2!4m1!1i2!8m2!3d21.021336!4d105.818041!16s%2Fg%2F1tfvwmfp!19sChIJx7OmunqrNTERMyZ9gOj74zA?authuser=0&hl=en&rclk=1
accommodation_ChIJm-T4z9OqNTER2hNtdRMKHwc,Fraser Residence Hanoi,https://www.google.com/maps/place/Fraser+Residence+H%C3%A0+N%E1%BB%99i/data=!4m7!3m6!1s0x3135aad3cff8e49b:0x71f0a13756d13da!8m2!3d21.067057!4d105.788537!16s%2Fg%2F11f4qzw9xh!19sChIJm-T4z9OqNTER2hNtdRMKHwc?authuser=0&hl=en&rclk=1
accommodation_ChIJ1WLEgsCrNTERR9E4L1YWtQM,GA Hostel & Travel,https://www.google.com/maps/place/GA+Hostel+%26+Travel/data=!4m10!3m9!1s0x3135abc082c462d5:0x3b516562f38d147!5m2!4m1!1i2!8m2!3d21.033963!4d105.8526932!16s%2Fg%2F11bw7g92yz!19sChIJ1WLEgsCrNTERR9E4L1YWtQM?authuser=0&hl=en&rclk=1
accommodation_ChIJUeZ-dapUNDERy79QlBOVlTs,Glory Hotel,https://www.google.com/maps/place/Glory+Hotel/data=!4m10!3m9!1s0x313454aa757ee651:0x3b9595139450bfcb!5m2!4m1!1i2!8m2!3d21.0138232!4d105.7812076!16s%2Fg%2F11f5ly6_52!19sChIJUeZ-dapUNDERy79QlBOVlTs?authuser=0&hl=en&rclk=1
accommodation_ChIJzdEkFof1NDERy4aaO7iKr9E,Glory Resort,https://www.google.com/maps/place/Glory+Resort/data=!4m10!3m9!1s0x3134f5871624d1cd:0xd1af8ab83b9a86cb!5m2!4m1!1i2!8m2!3d21.1422125!4d105.453619!16s%2Fg%2F11fq18tvyp!19sChIJzdEkFof1NDERy4aaO7iKr9E?authuser=0&hl=en&rclk=1
accommodation_ChIJeTTzfEmrNTER71hoP5NaEKg,GM Premium Hotel Hanoi,https://www.google.com/maps/place/GM+Premium+Hotel+Hanoi/data=!4m10!3m9!1s0x3135ab497cf33479:0xa8105a933f6858ef!5m2!4m1!1i2!8m2!3d21.0307869!4d105.8482632!16s%2Fg%2F11l1q94gx1!19sChIJeTTzfEmrNTER71hoP5NaEKg?authuser=0&hl=en&rclk=1
accommodation_ChIJwUMwlL6rNTERpdgBC_Q9PPg,Golden Art Hotel,https://www.google.com/maps/place/Golden+Art+Hotel/data=!4m10!3m9!1s0x3135abbe9446a6a5:0xf83c3df40b01d8a5!5m2!4m1!1i2!8m2!3d21.034987!4d105.847858!16s%2Fg%2F11c1xfq1v5!19sChIJpaZGlL6rNTERpdgBC_Q9PPg?authuser=0&hl=en&rclk=1
accommodation_ChIJl-xTpmmrNTERrpkKD3_TgEQ,Golden Sun Hotel,https://www.google.com/maps/place/Golden+Sun+Hotel/data=!4m10!3m9!1s0x3135abbe4c5fbcaf:0x4480d37f0f0a99ae!5m2!4m1!1i2!8m2!3d21.03265!4d105.849389!16s%2Fg%2F11r_54rxcf!19sChIJr7xfTL6rNTERrpkKD3_TgEQ?authuser=0&hl=en&rclk=1
accommodation_ChIJk4eWFgVVNDERkUQFPbopeYc,Grace Hotel & Spa,https://www.google.com/maps/place/Grace+Hotel+%26+Spa/data=!4m10!3m9!1s0x3134550516968793:0x877929ba3d054491!5m2!4m1!1i2!8m2!3d21.017713!4d105.7777713!16s%2Fg%2F11rgx1sf2h!19sChIJk4eWFgVVNDERkUQFPbopeYc?authuser=0&hl=en&rclk=1
accommodation_ChIJcSAnMuqrNTERfbp5Jtz6o_0,Grand Cititel Hanoi Hotel,https://www.google.com/maps/place/Grand+Cititel+Hanoi+Hotel/data=!4m10!3m9!1s0x3135abea2cf066a7:0xfda3fadc2679ba7d!5m2!4m1!1i2!8m2!3d21.02718!4d105.857887!16s%2Fg%2F11gh46qmnb!19sChIJp2bwLOqrNTERfbp5Jtz6o_0?authuser=0&hl=en&rclk=1
accommodation_ChIJsei4e2qtNTERvDhCHwM3y_U,Grand Hanoi Hotel,https://www.google.com/maps/place/Grand+Hanoi+Hotel/data=!4m10!3m9!1s0x3135ad6a7bb8e8b1:0xf5cb37031f4238bc!5m2!4m1!1i2!8m2!3d20.9606297!4d105.823143!16s%2Fg%2F11xl10dr_4!19sChIJsei4e2qtNTERvDhCHwM3y_U?authuser=0&hl=en&rclk=1
accommodation_ChIJbTl02BKrNTERRimsoo2OTAc,Grandiose Hotel & Spa,https://www.google.com/maps/place/Grandiose+Hotel+%26+Spa/data=!4m10!3m9!1s0x3135ab12d874396d:0x74c8e8da2ac2946!5m2!4m1!1i2!8m2!3d21.035186!4d105.8147426!16s%2Fg%2F11gdhtdf00!19sChIJbTl02BKrNTERRimsoo2OTAc?authuser=0&hl=en&rclk=1
accommodation_ChIJ1_gDtTCrNTERVmUj8TAT9Z0,Grand Mercure Hanoi,https://www.google.com/maps/place/Grand+Mercure+Hanoi/data=!4m10!3m9!1s0x3135ab30b503f8d7:0x9df51330f1236556!5m2!4m1!1i2!8m2!3d21.0276589!4d105.8334725!16s%2Fg%2F11fpjsgdqv!19sChIJ1_gDtTCrNTERVmUj8TAT9Z0?authuser=0&hl=en&rclk=1
accommodation_ChIJAeByUQCrNTERtjpVioS3_jQ,Grandview Hotel & Residence,https://www.google.com/maps/place/Grandview+Hotel+%26+Residence/data=!4m10!3m9!1s0x3135ab005172e001:0x34feb7848a553ab6!5m2!4m1!1i2!8m2!3d21.0265869!4d105.7978333!16s%2Fg%2F11y7cygrqw!19sChIJAeByUQCrNTERtjpVioS3_jQ?authuser=0&hl=en&rclk=1
accommodation_ChIJ__-gq6CrNTERoXMJugwCimc,Green Homestay,https://www.google.com/maps/place/Green+Homestay/data=!4m10!3m9!1s0x3135aba0aba0ffff:0x678a020cba0973a1!5m2!4m1!1i2!8m2!3d21.0382731!4d105.8292564!16s%2Fg%2F11l668f124!19sChIJ__-gq6CrNTERoXMJugwCimc?authuser=0&hl=en&rclk=1
accommodation_ChIJq4n3XYqrNTERacuc-dzCgFM,Hai Mươi Hotel & Apartment,https://www.google.com/maps/place/Hai+M%C6%B0%C6%A1i+Hotel+%26+Apartment/data=!4m10!3m9!1s0x3135ab8a5df789ab:0x5380c2dcf99ccb69!5m2!4m1!1i2!8m2!3d21.0355441!4d105.7860929!16s%2Fg%2F11khd73cp2!19sChIJq4n3XYqrNTERacuc-dzCgFM?authuser=0&hl=en&rclk=1
accommodation_ChIJIyczdrWrNTER13l4ty_bsg4,Hanoi Amore Hotel & Travel,https://www.google.com/maps/place/Hanoi+Amore+Hotel+%26+Travel/data=!4m10!3m9!1s0x3135ac90221af645:0xeb2db2fb77879d7!5m2!4m1!1i2!8m2!3d20.99755!4d105.816883!16s%2Fg%2F11f5_s9xp2!19sChIJRfYaIpCsNTER13l4ty_bsg4?authuser=0&hl=en&rclk=1
accommodation_ChIJZzZ2vlarNTER308vXxLwv5w,Hanoian Central Hotel & Spa,https://www.google.com/maps/place/Hanoian+Central+Hotel+%26+Spa/data=!4m10!3m9!1s0x3135abb95991d1df:0x9cbff0125f2f4fdf!5m2!4m1!1i2!8m2!3d21.037613!4d105.846962!16s%2Fg%2F11nn5677b2!19sChIJ39GRWbmrNTER308vXxLwv5w?authuser=0&hl=en&rclk=1
accommodation_ChIJMe9MQ5erNTERYRYPGJ6vJQY,Hanoi Aria Central Hotel & Spa,https://www.google.com/maps/place/Hanoi+Aria+Central+Hotel+%26+Spa/data=!4m10!3m9!1s0x3135ab974365ed71:0x625af9e180f1661!5m2!4m1!1i2!8m2!3d21.026812!4d105.841626!16s%2Fg%2F11fk12gkdx!19sChIJce1lQ5erNTERYRYPGJ6vJQY?authuser=0&hl=en&rclk=1
accommodation_ChIJjWkLRd6rNTERDdxGBFb3krw,Hanoi Backpackers Hostel & Rooftop Bar,https://www.google.com/maps/place/Hanoi+Backpackers+Hostel+%26+Rooftop+Bar/data=!4m10!3m9!1s0x3135abde450b698d:0xbc92f7560446dc0d!5m2!4m1!1i2!8m2!3d21.0344077!4d105.8520025!16s%2Fg%2F11jsrdb1bh!19sChIJjWkLRd6rNTERDdxGBFb3krw?authuser=0&hl=en&rclk=1
accommodation_ChIJtwcg2cGrNTERvFXaJcR_BOw,Hanoi Balcony Hostel,https://www.google.com/maps/place/Hanoi+Balcony+Hostel/data=!4m10!3m9!1s0x3135abc1d92007b7:0xec047fc425da55bc!5m2!4m1!1i2!8m2!3d21.030273!4d105.856525!16s%2Fg%2F11f049l58k!19sChIJtwcg2cGrNTERvFXaJcR_BOw?authuser=0&hl=en&rclk=1
accommodation_ChIJvav7qbirNTERGm-gFI2SzBY,Hanoi Boutique Hotel & Spa,https://www.google.com/maps/place/Hanoi+Boutique+Hotel+%26+Spa/data=!4m10!3m9!1s0x3135abbf325a622f:0x16cc928d14a06f1a!5m2!4m1!1i2!8m2!3d21.03622!4d105.850447!16s%2Fg%2F1th60vyh!19sChIJL2JaMr-rNTERGm-gFI2SzBY?authuser=0&hl=en&rclk=1
accommodation_ChIJ2dmnILWrNTER9XP9YdDhqDQ,Hanoi Buffalo Hostel,https://www.google.com/maps/place/Hanoi+Buffalo+Hostel/data=!4m10!3m9!1s0x3135abb520a7d9d9:0x34a8e1d061fd73f5!5m2!4m1!1i2!8m2!3d21.0346541!4d105.8513541!16s%2Fg%2F11t14r0nkj!19sChIJ2dmnILWrNTER9XP9YdDhqDQ?authuser=0&hl=en&rclk=1
accommodation_ChIJ2a4dupWrNTERHvhMEk2vT2g,Ha Noi Capital Boutique Hotel,https://www.google.com/maps/place/Ha+Noi+Capital+Boutique+Hotel/data=!4m10!3m9!1s0x3135ab95ba1daed9:0x684faf4d124cf81e!5m2!4m1!1i2!8m2!3d21.0285993!4d105.8483189!16s%2Fg%2F11bv3mmvpj!19sChIJ2a4dupWrNTERHvhMEk2vT2g?authuser=0&hl=en&rclk=1
accommodation_ChIJY1TbfaKrNTERwwtuegNalys,Hanoi Capital Premium Hotel,https://www.google.com/maps/place/Hanoi+Capital+Premium+Hotel/data=!4m10!3m9!1s0x3135aba27ddb5463:0x2b975a037a6e0bc3!5m2!4m1!1i2!8m2!3d21.0285331!4d105.8482718!16s%2Fg%2F11t6y7sb9b!19sChIJY1TbfaKrNTERwwtuegNalys?authuser=0&hl=en&rclk=1
accommodation_ChIJm-RzoJWrNTEROIBm-E6w7Qg,Hanoi Central Backpackers Hostel,https://www.google.com/maps/place/Hanoi+Central+Backpackers+Hostel/data=!4m10!3m9!1s0x3135ab95a073e49b:0x8edb04ef8668038!5m2!4m1!1i2!8m2!3d21.0377857!4d105.8520987!16s%2Fg%2F1td74141!19sChIJm-RzoJWrNTEROIBm-E6w7Qg?authuser=0&hl=en&rclk=1
accommodation_ChIJsVaLbUirNTERP4aGR1WzQ7s,Hanoi Central Park Hotel,https://www.google.com/maps/place/Hanoi+Central+Park+Hotel/data=!4m10!3m9!1s0x3135ab486d8b56b1:0xbb43b3554786863f!5m2!4m1!1i2!8m2!3d21.0323751!4d105.8537881!16s%2Fg%2F11sb5xj8l3!19sChIJsVaLbUirNTERP4aGR1WzQ7s?authuser=0&hl=en&rclk=1
accommodation_ChIJx3061WmpNTERT2gpcFE1V3Q,Hanoi Cozy Homestay Long Biên,https://www.google.com/maps/place/Hanoi+Cozy+Homestay+Long+Bi%C3%AAn/data=!4m10!3m9!1s0x3135a969d53a7dc7:0x745735517029684f!5m2!4m1!1i2!8m2!3d21.04198!4d105.8764835!16s%2Fg%2F11sczcr2x_!19sChIJx3061WmpNTERT2gpcFE1V3Q?authuser=0&hl=en&rclk=1
accommodation_ChIJ06cj-WmrNTERHbuOiutGSAw,Hanoi Daewoo Hotel,https://www.google.com/maps/place/Hanoi+Daewoo+Hotel/data=!4m10!3m9!1s0x3135ab69f923a7d3:0xc4846eb8a8ebb1d!5m2!4m1!1i2!8m2!3d21.030832!4d105.8117912!16s%2Fg%2F1217thr5!19sChIJ06cj-WmrNTERHbuOiutGSAw?authuser=0&hl=en&rclk=1
accommodation_ChIJxypGH8SrNTERLik7MPnblqY,Hanoi EcoStay hostel,https://www.google.com/maps/place/Hanoi+EcoStay+hostel/data=!4m10!3m9!1s0x3135abc41f462ac7:0xa696dbf9303b292e!5m2!4m1!1i2!8m2!3d21.0349536!4d105.851152!16s%2Fg%2F11r9p8ksps!19sChIJxypGH8SrNTERLik7MPnblqY?authuser=0&hl=en&rclk=1
accommodation_ChIJdbYmvb6rNTERxEGgY22SaKQ,Hanoi Family Homestay,https://www.google.com/maps/place/Hanoi+Family+Homestay/data=!4m10!3m9!1s0x3135abbebd26b675:0xa468926d63a041c4!5m2!4m1!1i2!8m2!3d21.0329172!4d105.8447057!16s%2Fg%2F1yfh_k2sb!19sChIJdbYmvb6rNTERxEGgY22SaKQ?authuser=0&hl=en&rclk=1
accommodation_ChIJH8Y3vZWrNTERUHPieqVTxW4,Hanoi Grand Plaza Hotel,https://www.google.com/maps/place/Hanoi+Grand+Plaza+Hotel/data=!4m10!3m9!1s0x3135aca687e89dd1:0x6ec553a57ae27350!5m2!4m1!1i2!8m2!3d21.00743!4d105.796818!16s%2Fg%2F1tgwk4pr!19sChIJ0Z3oh6asNTERUHPieqVTxW4?authuser=0&hl=en&rclk=1
accommodation_ChIJMXQZasCrNTERZ4nVODMexnA,Hanoi HM Boutique Hotel,https://www.google.com/maps/place/Hanoi+HM+Boutique+Hotel/data=!4m10!3m9!1s0x3135abc06a0c58bb:0x70c61e3338d58967!5m2!4m1!1i2!8m2!3d21.032038!4d105.853953!16s%2Fg%2F11bv38r5m9!19sChIJu1gMasCrNTERZ4nVODMexnA?authuser=0&hl=en&rclk=1
accommodation_ChIJjbhqO3SrNTER1l3vLb6MhPs,Hanoi Hotel,https://www.google.com/maps/place/Hanoi+Hotel/data=!4m10!3m9!1s0x3135ab73dfab3429:0xfb848cbe2def5dd6!5m2!4m1!1i2!8m2!3d21.027772!4d105.821524!16s%2Fg%2F1hm5vmqvj!19sChIJKTSr33OrNTER1l3vLb6MhPs?authuser=0&hl=en&rclk=1
accommodation_ChIJ1ZWh2ZmrNTERu2hRspAxAhA,Hanoi Larosa Hotel,https://www.google.com/maps/place/Hanoi+Larosa+Hotel/data=!4m10!3m9!1s0x3135ab99d9a195d5:0x10023190b25168bb!5m2!4m1!1i2!8m2!3d21.0279406!4d105.8403566!16s%2Fg%2F1yghb68j0!19sChIJ1ZWh2ZmrNTERu2hRspAxAhA?authuser=0&hl=en&rclk=1
accommodation_ChIJCz9LgbCrNTERkVL9EUvq58c,Hanoi Le Jardin Hotel & Spa,https://www.google.com/maps/place/Hanoi+Le+Jardin+Hotel+%26+Spa/data=!4m10!3m9!1s0x3135abb0814b3f0b:0xc7e7ea4b11fd5291!5m2!4m1!1i2!8m2!3d21.0430583!4d105.8438568!16s%2Fg%2F11h0mcnw9x!19sChIJCz9LgbCrNTERkVL9EUvq58c?authuser=0&hl=en&rclk=1
accommodation_ChIJa0TqDQCtNTERiEwj0M9S9wI,HANOI LOCAL VIBE HOMESTAY,https://www.google.com/maps/place/HANOI+LOCAL+VIBE+HOMESTAY/data=!4m10!3m9!1s0x3135ad000dea446b:0x2f752cfd0234c88!5m2!4m1!1i2!8m2!3d21.0074955!4d105.8251876!16s%2Fg%2F11xdq72w_m!19sChIJa0TqDQCtNTERiEwj0M9S9wI?authuser=0&hl=en&rclk=1
accommodation_ChIJrRnMixqrNTERl4MmVr0Bb0I,Hanoi Loopers Hostel & Rooftop Bar,https://www.google.com/maps/place/Hanoi+Loopers+Hostel+%26+Rooftop+Bar/data=!4m10!3m9!1s0x3135ab1a8bcc19ad:0x426f01bd56268397!5m2!4m1!1i2!8m2!3d21.0341278!4d105.8514947!16s%2Fg%2F11ynb_l4wt!19sChIJrRnMixqrNTERl4MmVr0Bb0I?authuser=0&hl=en&rclk=1
accommodation_ChIJu78MHfSrNTERpQQf-ozCNWI,Hanoi Marigold Hotel,https://www.google.com/maps/place/Hanoi+Marigold+Hotel/data=!4m10!3m9!1s0x3135abf41d0cbfbb:0x6235c28cfa1f04a5!5m2!4m1!1i2!8m2!3d21.0397013!4d105.8490635!16s%2Fg%2F11my18__2l!19sChIJu78MHfSrNTERpQQf-ozCNWI?authuser=0&hl=en&rclk=1
accommodation_ChIJ_0xEj8CrNTERlvQZlVlrJbo,Hanoi Marvellous Hotel & Spa,https://www.google.com/maps/place/Hanoi+Marvellous+Hotel+%26+Spa/data=!4m10!3m9!1s0x3135abbe0388f4fd:0xba256b599519f496!5m2!4m1!1i2!8m2!3d21.031304!4d105.847142!16s%2Fg%2F1q62grgbm!19sChIJ_fSIA76rNTERlvQZlVlrJbo?authuser=0&hl=en&rclk=1
accommodation_ChIJK2NS4JyrNTERLp7cdytSvIA,Hanoi Okaeri Homestay,https://www.google.com/maps/place/Hanoi+Okaeri+Homestay/data=!4m10!3m9!1s0x3135ab9ce052632b:0x80bc522b77dc9e2e!5m2!4m1!1i2!8m2!3d21.0349393!4d105.8526831!16s%2Fg%2F11tjqt4f7q!19sChIJK2NS4JyrNTERLp7cdytSvIA?authuser=0&hl=en&rclk=1
accommodation_ChIJK6gYvpWrNTER7cwzp-2x_zo,Hanoi Old Quarter Homestay,https://www.google.com/maps/place/Hanoi+Old+Quarter+Homestay/data=!4m10!3m9!1s0x3135ab95be18a82b:0x3affb1eda733cced!5m2!4m1!1i2!8m2!3d21.0293468!4d105.8480729!16s%2Fg%2F11bv38c2qj!19sChIJK6gYvpWrNTER7cwzp-2x_zo?authuser=0&hl=en&rclk=1
accommodation_ChIJna2AT8CrNTERRoHHKFr3Ih4,Hanoi Paon Hotel & Spa,https://www.google.com/maps/place/Hanoi+Paon+Hotel+%26+Spa/data=!4m10!3m9!1s0x3135abc04f80ad9d:0x1e22f75a28c78146!5m2!4m1!1i2!8m2!3d21.0321173!4d105.8547819!16s%2Fg%2F11gh03ylpr!19sChIJna2AT8CrNTERRoHHKFr3Ih4?authuser=0&hl=en&rclk=1
accommodation_ChIJQQLSlrirNTER6aVM151VH5E,"Hanoi Riverview Boutique Hotel & Apartment (Hotel, Restaurant, Rooftop Bar & Pool)","https://www.google.com/maps/place/Hanoi+Riverview+Boutique+Hotel+%26+Apartment+%28Hotel,+Restaurant,+Rooftop+Bar+%26+Pool%29/data=!4m10!3m9!1s0x3135abb896d20241:0x911f559dd74ca5e9!5m2!4m1!1i2!8m2!3d21.0751773!4d105.8262455!16s%2Fg%2F11y97czwqn!19sChIJQQLSlrirNTER6aVM151VH5E?authuser=0&hl=en&rclk=1"
accommodation_ChIJK0i9eLqrNTERSMYcvsc-rig,Hanoi Rose Flower Hotel & Spa,https://www.google.com/maps/place/Hanoi+Rose+Flower+Hotel+%26+Spa/data=!4m10!3m9!1s0x3135abba78bd482b:0x28ae3ec7be1cc648!5m2!4m1!1i2!8m2!3d21.0429367!4d105.843951!16s%2Fg%2F11fkn10mmx!19sChIJK0i9eLqrNTERSMYcvsc-rig?authuser=0&hl=en&rclk=1
accommodation_ChIJhZIgH--rNTERh1G9e3f3bRU,Hanoi Sail Hotel,https://www.google.com/maps/place/Hanoi+Sail+Hotel/data=!4m10!3m9!1s0x3135abef1f209285:0x156df7777bbd5187!5m2!4m1!1i2!8m2!3d21.0221871!4d105.86161!16s%2Fg%2F11x7bv9s9t!19sChIJhZIgH--rNTERh1G9e3f3bRU?authuser=0&hl=en&rclk=1
accommodation_ChIJK2cybh6rNTER8ArD8JaBbY8,Hanoi Shouten Home Lakeside,https://www.google.com/maps/place/Hanoi+Shouten+Home+Lakeside/data=!4m10!3m9!1s0x3135ab1e6e32672b:0x8f6d8196f0c30af0!5m2!4m1!1i2!8m2!3d21.0458714!4d105.8401154!16s%2Fg%2F11vqzqgb51!19sChIJK2cybh6rNTER8ArD8JaBbY8?authuser=0&hl=en&rclk=1
accommodation_ChIJF-rAGr6rNTERO-JfxSKxr5E,Hanoi’s Lane Homestay,https://www.google.com/maps/place/Hanoi%E2%80%99s+Lane+Homestay/data=!4m10!3m9!1s0x3135abbe1ac0ea17:0x91afb122c55fe23b!5m2!4m1!1i2!8m2!3d21.0354031!4d105.8517982!16s%2Fg%2F11krgkdb39!19sChIJF-rAGr6rNTERO-JfxSKxr5E?authuser=0&hl=en&rclk=1
accommodation_ChIJUVBVhDCrNTERwQE0lW3mX3k,HanoPalais Homestay and Residence Base 3,https://www.google.com/maps/place/HanoPalais+Homestay+and+Residence+Base+3/data=!4m10!3m9!1s0x3135ab3084555051:0x795fe66d953401c1!5m2!4m1!1i2!8m2!3d21.0654407!4d105.8083517!16s%2Fg%2F11x2cmpwfq!19sChIJUVBVhDCrNTERwQE0lW3mX3k?authuser=0&hl=en&rclk=1
accommodation_ChIJP5_vwO2tNTERKiEqBawClJI,HanoPalais Homestay and Residence Base 4,https://www.google.com/maps/place/HanoPalais+Homestay+and+Residence+Base+4/data=!4m10!3m9!1s0x3135adedc0ef9f3f:0x929402ac052a212a!5m2!4m1!1i2!8m2!3d20.9879515!4d105.8137498!16s%2Fg%2F11nhm1kzhm!19sChIJP5_vwO2tNTERKiEqBawClJI?authuser=0&hl=en&rclk=1
accommodation_ChIJpQCPgfWrNTERVFQvbulTs8U,HanoPalais Homestay and Residence Base 5,https://www.google.com/maps/place/HanoPalais+Homestay+and+Residence+Base+5/data=!4m10!3m9!1s0x3135abf5818f00a5:0xc5b353e96e2f5454!5m2!4m1!1i2!8m2!3d21.0148204!4d105.807403!16s%2Fg%2F11ym7t8v73!19sChIJpQCPgfWrNTERVFQvbulTs8U?authuser=0&hl=en&rclk=1
accommodation_ChIJ7S98Z0pTNDER7gNJQTwK0Cc,HanoPalais Homestay and Residence Base 8,https://www.google.com/maps/place/HanoPalais+Homestay+and+Residence+Base+8/data=!4m10!3m9!1s0x3134534a677c2fed:0x27d00a3c414903ee!5m2!4m1!1i2!8m2!3d21.0451579!4d105.7706645!16s%2Fg%2F11yscnpp5k!19sChIJ7S98Z0pTNDER7gNJQTwK0Cc?authuser=0&hl=en&rclk=1
accommodation_ChIJu0dh73arNTERgVjaSoBwm70,HanoPalais Homestay and Residence Base 9,https://www.google.com/maps/place/HanoPalais+Homestay+and+Residence+Base+9/data=!4m7!3m6!1s0x3135ab76ef6147bb:0xbd9b70804ada5881!8m2!3d21.0384116!4d105.8160052!16s%2Fg%2F11myd08q71!19sChIJu0dh73arNTERgVjaSoBwm70?authuser=0&hl=en&rclk=1
accommodation_ChIJI1IuSfCrNTER98GJBkQby9Q,Hanowood Homestay,https://www.google.com/maps/place/Hanowood+Homestay/data=!4m10!3m9!1s0x3135abf0492e5223:0xd4cb1b440689c1f7!5m2!4m1!1i2!8m2!3d21.0211182!4d105.8467508!16s%2Fg%2F11h75yz1m8!19sChIJI1IuSfCrNTER98GJBkQby9Q?authuser=0&hl=en&rclk=1
accommodation_ChIJ8ykB636tNTERnftF905P9RY,HANVET HOTEL HANOI,https://www.google.com/maps/place/HANVET+HOTEL+HANOI/data=!4m10!3m9!1s0x3135ad7eeb0129f3:0x16f54f4ef745fb9d!5m2!4m1!1i2!8m2!3d21.0017175!4d105.8434941!16s%2Fg%2F11t5ljwclc!19sChIJ8ykB636tNTERnftF905P9RY?authuser=0&hl=en&rclk=1
accommodation_ChIJ38aq7OyrNTERXHLIztxWjn0,Hidden 9,https://www.google.com/maps/place/Hidden+9/data=!4m10!3m9!1s0x3135abececaac6df:0x7d8e56dccec8725c!5m2!4m1!1i2!8m2!3d21.0745126!4d105.8266729!16s%2Fg%2F11rkpbswfh!19sChIJ38aq7OyrNTERXHLIztxWjn0?authuser=0&hl=en&rclk=1
accommodation_ChIJD91O0durNTERwsw5X7H92qY,Hillary Hanoi Hotel,https://www.google.com/maps/place/Hillary+Hanoi+Hotel/data=!4m10!3m9!1s0x3135abdbd14edd0f:0xa6dafdb15f39ccc2!5m2!4m1!1i2!8m2!3d21.0321671!4d105.7897807!16s%2Fg%2F11jmxrnn6m!19sChIJD91O0durNTERwsw5X7H92qY?authuser=0&hl=en&rclk=1
accommodation_ChIJE-Ncn-2rNTER_wtFj_EOg5A,Hilton Garden Inn Hanoi,https://www.google.com/maps/place/Hilton+Garden+Inn+Hanoi/data=!4m10!3m9!1s0x3135abed76e05c8f:0x90830ef18f450bff!5m2!4m1!1i2!8m2!3d21.019514!4d105.855183!16s%2Fg%2F11xyd9crx!19sChIJj1zgdu2rNTER_wtFj_EOg5A?authuser=0&hl=en&rclk=1
accommodation_ChIJ142q02yrNTERvfCXMQkFh6Y,Home. Homestay,https://www.google.com/maps/place/Home.+Homestay/data=!4m10!3m9!1s0x3135ab6cd3aa8dd7:0xa68705093197f0bd!5m2!4m1!1i2!8m2!3d21.0449031!4d105.8406866!16s%2Fg%2F11yjzcjvbd!19sChIJ142q02yrNTERvfCXMQkFh6Y?authuser=0&hl=en&rclk=1
accommodation_ChIJ--4i8CyrNTER30L2bjdFCAU,Homestay CHẤT,https://www.google.com/maps/place/Homestay+CH%E1%BA%A4T/data=!4m10!3m9!1s0x3135ab2cf022eefb:0x50845376ef642df!5m2!4m1!1i2!8m2!3d21.0335255!4d105.8479586!16s%2Fg%2F11t6y0v9jw!19sChIJ--4i8CyrNTER30L2bjdFCAU?authuser=0&hl=en&rclk=1
accommodation_ChIJnxX6hbWrNTERp6uJzz6bmhY,Homestay CHẤT,https://www.google.com/maps/place/Homestay+CH%E1%BA%A4T/data=!4m10!3m9!1s0x3135abb585fa159f:0x169a9b3ecf89aba7!5m2!4m1!1i2!8m2!3d21.0455726!4d105.842622!16s%2Fg%2F11thqf5693!19sChIJnxX6hbWrNTERp6uJzz6bmhY?authuser=0&hl=en&rclk=1
accommodation_ChIJpRF_NwCrNTERoJCZfYkaQbE,Homestay CHẤT,https://www.google.com/maps/place/Homestay+CH%E1%BA%A4T/data=!4m10!3m9!1s0x3135ab00377f11a5:0xb1411a897d9990a0!5m2!4m1!1i2!8m2!3d21.0419438!4d105.846122!16s%2Fg%2F11x3916d12!19sChIJpRF_NwCrNTERoJCZfYkaQbE?authuser=0&hl=en&rclk=1
accommodation_ChIJNevqKOqrNTERSh7ZpNC0ELo,Hong Ha Hotel,https://www.google.com/maps/place/Hong+Ha+Hotel/data=!4m10!3m9!1s0x3135abea260e2289:0xba10b4d0a4d91e4a!5m2!4m1!1i2!8m2!3d21.027804!4d105.858064!16s%2Fg%2F1tfskgk2!19sChIJiSIOJuqrNTERSh7ZpNC0ELo?authuser=0&hl=en&rclk=1
accommodation_ChIJ__8jvJWrNTERoYMvS7zr7WI,Hotel de l'Opera - MGallery Hanoi,https://www.google.com/maps/place/Hotel+de+l%27Opera+-+MGallery+Hanoi/data=!4m10!3m9!1s0x3135ab95bc23ffff:0x62edebbc4b2f83a1!5m2!4m1!1i2!8m2!3d21.0244007!4d105.8555913!16s%2Fg%2F11f2cjsydg!19sChIJ__8jvJWrNTERoYMvS7zr7WI?authuser=0&hl=en&rclk=1
accommodation_ChIJed3ibLerNTER09e0TTvwjM8,HOTEL du LAC SIGNATURE,https://www.google.com/maps/place/HOTEL+du+LAC+SIGNATURE/data=!4m10!3m9!1s0x3135abb76ce2dd79:0xcf8cf03b4db4d7d3!5m2!4m1!1i2!8m2!3d21.0344637!4d105.8463434!16s%2Fg%2F11yj7f3xml!19sChIJed3ibLerNTER09e0TTvwjM8?authuser=0&hl=en&rclk=1
accommodation_ChIJIUXwmo-rNTERsaBk8r6uz9w,Hotel du Parc HaNoi,https://www.google.com/maps/place/Hotel+du+Parc+HaNoi/data=!4m10!3m9!1s0x3135ab8f9af04521:0xdccfaebef264a0b1!5m2!4m1!1i2!8m2!3d21.0177163!4d105.8418936!16s%2Fg%2F1td5nrb0!19sChIJIUXwmo-rNTERsaBk8r6uz9w?authuser=0&hl=en&rclk=1
accommodation_ChIJA7cHor6rNTERlOgeHxj-t5s,Hotel L 'Heritage,https://www.google.com/maps/place/Hotel+L+%27Heritage/data=!4m10!3m9!1s0x3135abbea207b703:0x9bb7fe181f1ee894!5m2!4m1!1i2!8m2!3d21.0353584!4d105.8471936!16s%2Fg%2F11b7vrmh7g!19sChIJA7cHor6rNTERlOgeHxj-t5s?authuser=0&hl=en&rclk=1
accommodation_ChIJeReIFACrNTERxEtWYjNbezg,Humi Housing,https://www.google.com/maps/place/Humi+Housing/data=!4m10!3m9!1s0x3135ab0014881779:0x387b5b3362564bc4!5m2!4m1!1i2!8m2!3d21.0554018!4d105.8200884!16s%2Fg%2F11wvvtfkms!19sChIJeReIFACrNTERxEtWYjNbezg?authuser=0&hl=en&rclk=1
accommodation_ChIJWWe80b-rNTERr9G7QLyUDDs,Imperial Hotel & Spa,https://www.google.com/maps/place/Imperial+Hotel+%26+Spa/data=!4m10!3m9!1s0x3135abbfd3bdae31:0x3b0c94bc40bbd1af!5m2!4m1!1i2!8m2!3d21.031161!4d105.849823!16s%2Fg%2F1hhk57d_x!19sChIJMa6907-rNTERr9G7QLyUDDs?authuser=0&hl=en&rclk=1
accommodation_ChIJZ4R031SrNTERUyJ1Ykae4bw,InterContinental Hanoi Landmark72 by IHG,https://www.google.com/maps/place/InterContinental+Hanoi+Landmark72+by+IHG/data=!4m10!3m9!1s0x3135ab54df748467:0xbce19e4662752253!5m2!4m1!1i2!8m2!3d21.016973!4d105.78422!16s%2Fm%2F0s8vml4!19sChIJZ4R031SrNTERUyJ1Ykae4bw?authuser=0&hl=en&rclk=1
accommodation_ChIJjU_PBFWqNTERbWlO_rdeNTg,InterContinental Hanoi Westlake by IHG,https://www.google.com/maps/place/InterContinental+Hanoi+Westlake+by+IHG/data=!4m10!3m9!1s0x3135aa5504cf4f8d:0x38355eb7fe4e696d!5m2!4m1!1i2!8m2!3d21.0588067!4d105.8323596!16s%2Fg%2F11cjk0swfk!19sChIJjU_PBFWqNTERbWlO_rdeNTg?authuser=0&hl=en&rclk=1
accommodation_ChIJeSbvaNhtNDERH_P-O7o480A,Ivory Villas & Resort - Quản lý bởi VMH,https://www.google.com/maps/place/Ivory+Villas+%26+Resort+-+Qu%E1%BA%A3n+l%C3%BD+b%E1%BB%9Fi+VMH/data=!4m10!3m9!1s0x31346dd868ef2679:0x40f338ba3bfef31f!5m2!4m1!1i2!8m2!3d20.903362!4d105.4644442!16s%2Fg%2F1pzs5k4lh!19sChIJeSbvaNhtNDERH_P-O7o480A?authuser=0&hl=en&rclk=1
accommodation_ChIJrQf2_5WrNTER5F9kUXZbmVo,JM Marvel Hotel & Spa,https://www.google.com/maps/place/JM+Marvel+Hotel+%26+Spa/data=!4m10!3m9!1s0x3135ab95fff607ad:0x5a995b7651645fe4!5m2!4m1!1i2!8m2!3d21.03108!4d105.8466196!16s%2Fg%2F11f4wtvs6n!19sChIJrQf2_5WrNTER5F9kUXZbmVo?authuser=0&hl=en&rclk=1
accommodation_ChIJMRpiu6ysNTERYNlM-EHSuQY,JW Marriott Hotel Hanoi,https://www.google.com/maps/place/JW+Marriott+Hotel+Hanoi/data=!4m10!3m9!1s0x3135acacbb621a31:0x6b9d241f84cd960!5m2!4m1!1i2!8m2!3d21.0069564!4d105.783168!16s%2Fg%2F1tj86xnl!19sChIJMRpiu6ysNTERYNlM-EHSuQY?authuser=0&hl=en&rclk=1
accommodation_ChIJ14DBA-6rNTER5HwO7GDlXW8,Khách sạn 1A Tăng Bạt Hổ,https://www.google.com/maps/place/Kh%C3%A1ch+s%E1%BA%A1n+1A+T%C4%83ng+B%E1%BA%A1t+H%E1%BB%95/data=!4m7!3m6!1s0x3135abee03c180d7:0x6f5de560ec0e7ce4!8m2!3d21.0182779!4d105.8587901!16s%2Fg%2F11c55smm2z!19sChIJ14DBA-6rNTER5HwO7GDlXW8?authuser=0&hl=en&rclk=1
accommodation_ChIJayOZRACrNTER5QfMoRmj7Cw,Khách Sạn Hà Thành,https://www.google.com/maps/place/Kh%C3%A1ch+S%E1%BA%A1n+H%C3%A0+Th%C3%A0nh/data=!4m10!3m9!1s0x3135ab004499236b:0x2ceca319a1cc07e5!5m2!4m1!1i2!8m2!3d21.0453117!4d105.8157697!16s%2Fg%2F11w_v_x463!19sChIJayOZRACrNTER5QfMoRmj7Cw?authuser=0&hl=en&rclk=1
accommodation_ChIJx4_H0u2rNTERCEU1B-5sZ0s,Khách sạn Hòa Bình,https://www.google.com/maps/place/Kh%C3%A1ch+s%E1%BA%A1n+H%C3%B2a+B%C3%ACnh/data=!4m10!3m9!1s0x3135abece7755213:0x4b676cee07354508!5m2!4m1!1i2!8m2!3d21.022143!4d105.854074!16s%2Fg%2F1tfkc1lk!19sChIJE1J15-yrNTERCEU1B-5sZ0s?authuser=0&hl=en&rclk=1
accommodation_ChIJS7ANVJOrNTERNHvDU9x0LM4,Khách sạn Hồ Gươm Hà Nội,https://www.google.com/maps/place/Kh%C3%A1ch+s%E1%BA%A1n+H%E1%BB%93+G%C6%B0%C6%A1m+H%C3%A0+N%E1%BB%99i/data=!4m10!3m9!1s0x3135ab93540db04b:0xce2c74dc53c37b34!5m2!4m1!1i2!8m2!3d21.024765!4d105.8522013!16s%2Fg%2F1tjgxvgn!19sChIJS7ANVJOrNTERNHvDU9x0LM4?authuser=0&hl=en&rclk=1
accommodation_ChIJryv6XBitNTERbCE-HgJCuSc,Khách Sạn Lê Yên,https://www.google.com/maps/place/Kh%C3%A1ch+S%E1%BA%A1n+L%C3%AA+Y%C3%AAn/data=!4m10!3m9!1s0x3135ad185cfa2baf:0x27b942021e3e216c!5m2!4m1!1i2!8m2!3d20.9570204!4d105.8079194!16s%2Fg%2F11c0r2rc30!19sChIJryv6XBitNTERbCE-HgJCuSc?authuser=0&hl=en&rclk=1
accommodation_ChIJt2G6ja2rNTER59RTE4zY7UA,Khách sạn Mai Ivy Apartment,https://www.google.com/maps/place/Kh%C3%A1ch+s%E1%BA%A1n+Mai+Ivy+Apartment/data=!4m10!3m9!1s0x3135abad8dba61b7:0x40edd88c1353d4e7!5m2!4m1!1i2!8m2!3d21.0293982!4d105.8384416!16s%2Fg%2F1tgjhryt!19sChIJt2G6ja2rNTER59RTE4zY7UA?authuser=0&hl=en&rclk=1
accommodation_ChIJs9C43fKrNTERUQtAAJOOlVY,Khách sạn Sunset Westlake Hà Nội | Sunset Westlake Hanoi Hotel,https://www.google.com/maps/place/Kh%C3%A1ch+s%E1%BA%A1n+Sunset+Westlake+H%C3%A0+N%E1%BB%99i+%7C+Sunset+Westlake+Hanoi+Hotel/data=!4m10!3m9!1s0x3135abf2ddb8d0b3:0x56958e9300400b51!5m2!4m1!1i2!8m2!3d21.0615439!4d105.8089638!16s%2Fg%2F11hfqs7g1d!19sChIJs9C43fKrNTERUQtAAJOOlVY?authuser=0&hl=en&rclk=1
accommodation_ChIJ1-5obLGqNTERDQQUcqfDFzo,Khách Sạn Titanic,https://www.google.com/maps/place/Kh%C3%A1ch+S%E1%BA%A1n+Titanic/data=!4m10!3m9!1s0x3135aab16c68eed7:0x3a17c3a77214040d!5m2!4m1!1i2!8m2!3d21.0902831!4d105.7898359!16s%2Fg%2F11dzt0h2pp!19sChIJ1-5obLGqNTERDQQUcqfDFzo?authuser=0&hl=en&rclk=1
accommodation_ChIJERXUEEqrNTER3bWdJ_MTIVE,Khai homestay,https://www.google.com/maps/place/Khai+homestay/data=!4m10!3m9!1s0x3135ab4a10d41511:0x512113f3279db5dd!5m2!4m1!1i2!8m2!3d21.0389056!4d105.8490277!16s%2Fg%2F11h63961gl!19sChIJERXUEEqrNTER3bWdJ_MTIVE?authuser=0&hl=en&rclk=1
accommodation_ChIJDQEAAKRgNDERucv4nGr9k8I,Khoang Xanh Suối Tiên Theme Park,https://www.google.com/maps/place/Khoang+Xanh+Su%E1%BB%91i+Ti%C3%AAn+Theme+Park/data=!4m10!3m9!1s0x313460a40000010d:0xc293fd6a9cf8cbb9!5m2!4m1!1i2!8m2!3d21.0474902!4d105.3974502!16s%2Fg%2F11b6nm5216!19sChIJDQEAAKRgNDERucv4nGr9k8I?authuser=0&hl=en&rclk=1
accommodation_ChIJyYbFZZirNTERkS-HwGqasZQ,Kuretake Inn Kim Ma 132,https://www.google.com/maps/place/Kuretake+Inn+Kim+Ma+132/data=!4m10!3m9!1s0x3135ab9865c586c9:0x94b19a6ac0872f91!5m2!4m1!1i2!8m2!3d21.0322355!4d105.8265071!16s%2Fg%2F11sj91ncfl!19sChIJyYbFZZirNTERkS-HwGqasZQ?authuser=0&hl=en&rclk=1
accommodation_ChIJMV5XQqyrNTERK0JE5iTPeQ8,L7 WEST LAKE HANOI by LOTTE HOTELS,https://www.google.com/maps/place/L7+WEST+LAKE+HANOI+by+LOTTE+HOTELS/data=!4m10!3m9!1s0x3135abac42575e31:0xf79cf24e644422b!5m2!4m1!1i2!8m2!3d21.0747905!4d105.8123866!16s%2Fg%2F11kjm40ffh!19sChIJMV5XQqyrNTERK0JE5iTPeQ8?authuser=0&hl=en&rclk=1
accommodation_ChIJV_3uf7-rNTERHxUVweNDVIA,La Beauté De Hanoi Hotel,https://www.google.com/maps/place/La+Beaut%C3%A9+De+Hanoi+Hotel/data=!4m10!3m9!1s0x3135abbf7feefd57:0x805443e3c115151f!5m2!4m1!1i2!8m2!3d21.033405!4d105.852458!16s%2Fg%2F11h_s_v02x!19sChIJV_3uf7-rNTERHxUVweNDVIA?authuser=0&hl=en&rclk=1
accommodation_ChIJ9-1PkkGrNTERMi4iBhaREPk,Labevie Hotel,https://www.google.com/maps/place/Labevie+Hotel/data=!4m10!3m9!1s0x3135abc1b2e0102b:0xf910911606222e32!5m2!4m1!1i2!8m2!3d21.03215!4d105.855546!16s%2Fg%2F11kpdxphdn!19sChIJKxDgssGrNTERMi4iBhaREPk?authuser=0&hl=en&rclk=1
accommodation_ChIJaVGiO_KrNTER8MP0T8zXYkU,La Casa Hanoi Hotel,https://www.google.com/maps/place/La+Casa+Hanoi+Hotel/data=!4m10!3m9!1s0x3135abf23ba25169:0x4562d7cc4ff4c3f0!5m2!4m1!1i2!8m2!3d21.0162692!4d105.8573535!16s%2Fg%2F11bv5vzg15!19sChIJaVGiO_KrNTER8MP0T8zXYkU?authuser=0&hl=en&rclk=1
accommodation_ChIJq0_h86erNTERVsxxMd94dJA,Lake View Backpackers Hostel & Rooftop Bar,https://www.google.com/maps/place/Lake+View+Backpackers+Hostel+%26+Rooftop+Bar/data=!4m10!3m9!1s0x3135aba7f3e14fab:0x907478df3171cc56!5m2!4m1!1i2!8m2!3d21.0339084!4d105.8515384!16s%2Fg%2F11w2zkfc9c!19sChIJq0_h86erNTERVsxxMd94dJA?authuser=0&hl=en&rclk=1
accommodation_ChIJh97dclmrNTERw0_WBPLjw58,Lala House - Homestay Ha Noi CS4,https://www.google.com/maps/place/Lala+House+-+Homestay+Ha+Noi+CS4/data=!4m7!3m6!1s0x3135ab5972ddde87:0x9fc3e3f204d64fc3!8m2!3d21.0514121!4d105.8391951!16s%2Fg%2F11kj40drhs!19sChIJh97dclmrNTERw0_WBPLjw58?authuser=0&hl=en&rclk=1
accommodation_ChIJV-XuGVRTNDERFstVnmKw_h8,Lam Anh Hotel 2 Dương Nội Hà Đông,https://www.google.com/maps/place/Lam+Anh+Hotel+2+D%C6%B0%C6%A1ng+N%E1%BB%99i+H%C3%A0+%C4%90%C3%B4ng/data=!4m10!3m9!1s0x3134535419eee557:0x1ffeb0629e55cb16!5m2!4m1!1i2!8m2!3d20.9773177!4d105.7581233!16s%2Fg%2F11rbz0gyml!19sChIJV-XuGVRTNDERFstVnmKw_h8?authuser=0&hl=en&rclk=1
accommodation_ChIJJ64LpoBTNDERazmDvPv-C9I,Lam Anh Hotel 5 Him Lam Vạn Phúc Hà Đông,https://www.google.com/maps/place/Lam+Anh+Hotel+5+Him+Lam+V%E1%BA%A1n+Ph%C3%BAc+H%C3%A0+%C4%90%C3%B4ng/data=!4m10!3m9!1s0x31345380a60bae27:0xd20bfefbbc83396b!5m2!4m1!1i2!8m2!3d20.9817545!4d105.7684742!16s%2Fg%2F11v42wjchg!19sChIJJ64LpoBTNDERazmDvPv-C9I?authuser=0&hl=en&rclk=1
accommodation_ChIJbQN6bYKrNTERUHx80pkFNYE,Lam Anh Hotel 6 Ngoại Giao Đoàn BT4-10,https://www.google.com/maps/place/Lam+Anh+Hotel+6+Ngo%E1%BA%A1i+Giao+%C4%90o%C3%A0n+BT4-10/data=!4m10!3m9!1s0x3135ab826d7a036d:0x81350599d27c7c50!5m2!4m1!1i2!8m2!3d21.0686575!4d105.7986168!16s%2Fg%2F11vqt3wc2j!19sChIJbQN6bYKrNTERUHx80pkFNYE?authuser=0&hl=en&rclk=1
accommodation_ChIJvRjrg6arNTERTp-fhVwKIw8,La Mejor Hotel & Sky Bar,https://www.google.com/maps/place/La+Mejor+Hotel+%26+Sky+Bar/data=!4m10!3m9!1s0x3135aba683eb18bd:0xf230a5c859f9f4e!5m2!4m1!1i2!8m2!3d21.0345315!4d105.8520873!16s%2Fg%2F11syhsfyz3!19sChIJvRjrg6arNTERTp-fhVwKIw8?authuser=0&hl=en&rclk=1
accommodation_ChIJV2HdIgCrNTERVQEmWT4uADM,La Mejor Indochine Hotel,https://www.google.com/maps/place/La+Mejor+Indochine+Hotel/data=!4m10!3m9!1s0x3135ab0022dd6157:0x33002e3e59260155!5m2!4m1!1i2!8m2!3d21.0351148!4d105.8530797!16s%2Fg%2F11x69z1bnl!19sChIJV2HdIgCrNTERVQEmWT4uADM?authuser=0&hl=en&rclk=1
accommodation_ChIJ87jLDHSrNTERJZekhzSjIKU,Lancaster Hanoi,https://www.google.com/maps/place/Lancaster+Hanoi/data=!4m10!3m9!1s0x3135ab740ccbb8f3:0xa520a33487a49725!5m2!4m1!1i2!8m2!3d21.0288244!4d105.8236327!16s%2Fg%2F11f2m9nrmw!19sChIJ87jLDHSrNTERJZekhzSjIKU?authuser=0&hl=en&rclk=1
accommodation_ChIJYzDuSLCrNTERqir1gg77wXE,La Sante Hotel & Spa,https://www.google.com/maps/place/La+Sante+Hotel+%26+Spa/data=!4m10!3m9!1s0x3135abb048ee3063:0x71c1fb0e82f52aaa!5m2!4m1!1i2!8m2!3d21.0453339!4d105.8424369!16s%2Fg%2F11g69218jm!19sChIJYzDuSLCrNTERqir1gg77wXE?authuser=0&hl=en&rclk=1
accommodation_ChIJjUh7TsCrNTERSB9z6q1vAqQ,La Siesta Classic Hang Thung,https://www.google.com/maps/place/La+Siesta+Classic+Hang+Thung/data=!4m10!3m9!1s0x3135abc04e7b488d:0xa4026fadea731f48!5m2!4m1!1i2!8m2!3d21.0320261!4d105.855027!16s%2Fg%2F11ssrjwtmd!19sChIJjUh7TsCrNTERSB9z6q1vAqQ?authuser=0&hl=en&rclk=1
accommodation_ChIJ72bxkMCrNTERl4_uzHHlfcQ,La Siesta Classic Ma May,https://www.google.com/maps/place/La+Siesta+Classic+Ma+May/data=!4m10!3m9!1s0x3135abc090f166ef:0xc47de571ccee8f97!5m2!4m1!1i2!8m2!3d21.0342503!4d105.8532333!16s%2Fg%2F11b6ml3q14!19sChIJ72bxkMCrNTERl4_uzHHlfcQ?authuser=0&hl=en&rclk=1
accommodation_ChIJsR8BPsCrNTERj3_eOHJPYwA,La Sinfonía del Rey Hotel & Spa,https://www.google.com/maps/place/La+Sinfon%C3%ADa+del+Rey+Hotel+%26+Spa/data=!4m10!3m9!1s0x3135abc03e011fb1:0x634f7238de7f8f!5m2!4m1!1i2!8m2!3d21.0311164!4d105.8540457!16s%2Fg%2F11h7g4rwgw!19sChIJsR8BPsCrNTERj3_eOHJPYwA?authuser=0&hl=en&rclk=1
accommodation_ChIJoZpRBzWpNTERAGL4OAEGILU,"Lavender Hotel 200 Nam Đuống, Việt Hưng, Hà Nội.","https://www.google.com/maps/place/Lavender+Hotel+200+Nam+%C4%90u%E1%BB%91ng,+Vi%E1%BB%87t+H%C6%B0ng,+H%C3%A0+N%E1%BB%99i./data=!4m10!3m9!1s0x3135a93507519aa1:0xb520060138f86200!5m2!4m1!1i2!8m2!3d21.0763908!4d105.9029889!16s%2Fg%2F11v68dmlcc!19sChIJoZpRBzWpNTERAGL4OAEGILU?authuser=0&hl=en&rclk=1"
accommodation_ChIJD7JReGCrNTERVkYkRH1Z_Mw,Le Chanvre Hanoi Hotel & Spa,https://www.google.com/maps/place/Le+Chanvre+Hanoi+Hotel+%26+Spa/data=!4m10!3m9!1s0x3135ab607851b20f:0xccfc597d44244656!5m2!4m1!1i2!8m2!3d21.0317858!4d105.8496544!16s%2Fg%2F11v5yvb78x!19sChIJD7JReGCrNTERVkYkRH1Z_Mw?authuser=0&hl=en&rclk=1
accommodation_ChIJ5fnXVAABNTER8o4iJVHtbDM,Lee Homestay,https://www.google.com/maps/place/Lee+Homestay/data=!4m10!3m9!1s0x3135010054d7f9e5:0x336ced5125228ef2!5m2!4m1!1i2!8m2!3d21.118254!4d105.8144723!16s%2Fg%2F11vycp1j2z!19sChIJ5fnXVAABNTER8o4iJVHtbDM?authuser=0&hl=en&rclk=1
accommodation_ChIJFfG3KABFNDERKLgmmT5PRrE,Legacy Hill Resort & Villas,https://www.google.com/maps/place/Legacy+Hill+Resort+%26+Villas/data=!4m10!3m9!1s0x3134450028b7f115:0xb1464f3e9926b828!5m2!4m1!1i2!8m2!3d20.862014!4d105.5469381!16s%2Fg%2F11v_06frg0!19sChIJFfG3KABFNDERKLgmmT5PRrE?authuser=0&hl=en&rclk=1
accommodation_ChIJ__-qrb-rNTER1ENcq3oF6vM,Le Grand Hanoi Hotel - The Central Park,https://www.google.com/maps/place/Le+Grand+Hanoi+Hotel+-+The+Central+Park/data=!4m10!3m9!1s0x3135abbfadaaffff:0xf3ea057aab5c43d4!5m2!4m1!1i2!8m2!3d21.0156544!4d105.8475345!16s%2Fg%2F11m_lnckmz!19sChIJ__-qrb-rNTER1ENcq3oF6vM?authuser=0&hl=en&rclk=1
accommodation_ChIJRa_owvmrNTEREko16pQAj3o,Le Grand Hotel Hanoi,https://www.google.com/maps/place/Le+Grand+Hotel+Hanoi/data=!4m10!3m9!1s0x3135abf9c2e8af45:0x7a8f0094ea354a12!5m2!4m1!1i2!8m2!3d21.0103411!4d105.8651554!16s%2Fg%2F1jkwcx2zm!19sChIJRa_owvmrNTEREko16pQAj3o?authuser=0&hl=en&rclk=1
accommodation_ChIJI6-AQACrNTERGXIP5WkcC4c,Le Premier Hotel & Rooftop Bar,https://www.google.com/maps/place/Le+Premier+Hotel+%26+Rooftop+Bar/data=!4m10!3m9!1s0x3135ab004080af23:0x870b1c69e50f7219!5m2!4m1!1i2!8m2!3d21.0313419!4d105.8502994!16s%2Fg%2F11y3xd66nz!19sChIJI6-AQACrNTERGXIP5WkcC4c?authuser=0&hl=en&rclk=1
accommodation_ChIJz4LuGwCrNTERVixzaWmXNxo,L’Heritage Premium Hanoi Central,https://www.google.com/maps/place/L%E2%80%99Heritage+Premium+Hanoi+Central/data=!4m10!3m9!1s0x3135ab001bee82cf:0x1a37976969732c56!5m2!4m1!1i2!8m2!3d21.0385201!4d105.8457807!16s%2Fg%2F11mt8k38yj!19sChIJz4LuGwCrNTERVixzaWmXNxo?authuser=0&hl=en&rclk=1
accommodation_ChIJ6-VnlS-rNTER0CQkyyXwqtY,L'HÔTEL du LAC Hanoi,https://www.google.com/maps/place/L%27H%C3%94TEL+du+LAC+Hanoi/data=!4m10!3m9!1s0x3135ab957fe7e849:0xd6aaf025cb2424d0!5m2!4m1!1i2!8m2!3d21.030672!4d105.849666!16s%2Fg%2F11t1lchtvf!19sChIJSejnf5WrNTER0CQkyyXwqtY?authuser=0&hl=en&rclk=1
accommodation_ChIJcRHZZMyrNTERum9G6ueAIfw,Libré Homestay by VnaHomes,https://www.google.com/maps/place/Libr%C3%A9+Homestay+by+VnaHomes/data=!4m10!3m9!1s0x3135abcc64d91171:0xfc2180e7ea466fba!5m2!4m1!1i2!8m2!3d21.0296394!4d105.8337348!16s%2Fg%2F11sqw0j9fk!19sChIJcRHZZMyrNTERum9G6ueAIfw?authuser=0&hl=en&rclk=1
accommodation_ChIJJwYJ7Z-rNTERu2NlAnxY8t0,Lighthouse & Rooftop | Khách sạn Hà Nội gần Văn Miếu,https://www.google.com/maps/place/Lighthouse+%26+Rooftop+%7C+Kh%C3%A1ch+s%E1%BA%A1n+H%C3%A0+N%E1%BB%99i+g%E1%BA%A7n+V%C4%83n+Mi%E1%BA%BFu/data=!4m10!3m9!1s0x3135ab9fed090627:0xddf2587c026563bb!5m2!4m1!1i2!8m2!3d21.0256825!4d105.839322!16s%2Fg%2F11shsv7qr4!19sChIJJwYJ7Z-rNTERu2NlAnxY8t0?authuser=0&hl=en&rclk=1
accommodation_ChIJuSiTcM-rNTERCqf9dC9Kc0g,Lilo's Homestay,https://www.google.com/maps/place/Lilo%27s+Homestay/data=!4m10!3m9!1s0x3135abcf709328b9:0x48734a2f74fda70a!5m2!4m1!1i2!8m2!3d21.0425849!4d105.8231275!16s%2Fg%2F11xgyh72cs!19sChIJuSiTcM-rNTERCqf9dC9Kc0g?authuser=0&hl=en&rclk=1
accommodation_ChIJDVICaeCrNTERNsKxl71psQw,LIVIE Hanoi Ham Long,https://www.google.com/maps/place/LIVIE+Hanoi+Ham+Long/data=!4m10!3m9!1s0x3135abe06902520d:0xcb169bd97b1c236!5m2!4m1!1i2!8m2!3d21.0200853!4d105.8515145!16s%2Fg%2F11pdfw_6gv!19sChIJDVICaeCrNTERNsKxl71psQw?authuser=0&hl=en&rclk=1
accommodation_ChIJne3U7GyrNTERehxJ0VO9C6o,Lotte Hotel Hanoi,https://www.google.com/maps/place/Lotte+Hotel+Hanoi/data=!4m10!3m9!1s0x3135ab6cecd4ed9d:0xaa0bbd53d1491c7a!5m2!4m1!1i2!8m2!3d21.0320526!4d105.8130247!16s%2Fg%2F11bbyjkqv1!19sChIJne3U7GyrNTERehxJ0VO9C6o?authuser=0&hl=en&rclk=1
accommodation_ChIJHVsPTwCrNTERgNkXG-FfGMk,"Love St - Hanoi Hotel, Hanoi","https://www.google.com/maps/place/Love+St+-+Hanoi+Hotel,+Hanoi/data=!4m10!3m9!1s0x3135ab004f0f5b1d:0xc9185fe11b17d980!5m2!4m1!1i2!8m2!3d21.0744536!4d105.8219494!16s%2Fg%2F11vwdkns99!19sChIJHVsPTwCrNTERgNkXG-FfGMk?authuser=0&hl=en&rclk=1"
accommodation_ChIJiybfx3urNTERUV21Cukijds,Lucien Hanoi Lakeside Hotel & Rooftop,https://www.google.com/maps/place/Lucien+Hanoi+Lakeside+Hotel+%26+Rooftop/data=!4m10!3m9!1s0x3135ab7bc7df268b:0xdb8d22e90ab55d51!5m2!4m1!1i2!8m2!3d21.0327747!4d105.8528993!16s%2Fg%2F11xkzgbh2p!19sChIJiybfx3urNTERUV21Cukijds?authuser=0&hl=en&rclk=1
accommodation_ChIJCRRrKQCrNTERPQc5cQSRn5o,LushStay - CN Hai Bà Trưng,https://www.google.com/maps/place/LushStay+-+CN+Hai+B%C3%A0+Tr%C6%B0ng/data=!4m10!3m9!1s0x3135ab9714411829:0x9a9f91047139073d!5m2!4m1!1i2!8m2!3d21.027304!4d105.842501!16s%2Fg%2F11md217ygw!19sChIJKRhBFJerNTERPQc5cQSRn5o?authuser=0&hl=en&rclk=1
accommodation_ChIJd2cmaACrNTER2T1fmKATbZo,LushStay - CN Yet Kieu,https://www.google.com/maps/place/LushStay+-+CN+Yet+Kieu/data=!4m10!3m9!1s0x3135ab0068266777:0x9a6d13a0985f3dd9!5m2!4m1!1i2!8m2!3d21.0232867!4d105.8434866!16s%2Fg%2F11y5sc_sqg!19sChIJd2cmaACrNTER2T1fmKATbZo?authuser=0&hl=en&rclk=1
accommodation_ChIJV3qXaUmrNTERU73fGLvV_ho,Luxeden Signature Hotel,https://www.google.com/maps/place/Luxeden+Signature+Hotel/data=!4m10!3m9!1s0x3135ab499d517293:0x1afed5bb18dfbd53!5m2!4m1!1i2!8m2!3d21.033634!4d105.788699!16s%2Fg%2F1hc8l75wx!19sChIJk3JRnUmrNTERU73fGLvV_ho?authuser=0&hl=en&rclk=1
accommodation_ChIJYVJvMC2JNDERTIOWXhEoa5w,Lynntimes Thanh Thủy,https://www.google.com/maps/place/Lynntimes+Thanh+Th%E1%BB%A7y/data=!4m10!3m9!1s0x3134892d306f5261:0x9c6b28115e96834c!5m2!4m1!1i2!8m2!3d21.1542125!4d105.2821401!16s%2Fg%2F11kj95cfrx!19sChIJYVJvMC2JNDERTIOWXhEoa5w?authuser=0&hl=en&rclk=1
accommodation_ChIJ7Wv7gqCrNTERV0aUMHe7tsk,Mad Monkey Hanoi,https://www.google.com/maps/place/Mad+Monkey+Hanoi/data=!4m10!3m9!1s0x3135aba082fb6bed:0xc9b6bb7730944657!5m2!4m1!1i2!8m2!3d21.0360416!4d105.8531875!16s%2Fg%2F11scznmc9c!19sChIJ7Wv7gqCrNTERV0aUMHe7tsk?authuser=0&hl=en&rclk=1
accommodation_ChIJ0XIiWahTNDERrfSRNMumBDI,Marina Hotel Hanoi | Khách sạn Marina Hà Nội,https://www.google.com/maps/place/Marina+Hotel+Hanoi+%7C+Kh%C3%A1ch+s%E1%BA%A1n+Marina+H%C3%A0+N%E1%BB%99i/data=!4m10!3m9!1s0x313453a8592272d1:0x3204a6cb3491f4ad!5m2!4m1!1i2!8m2!3d21.0072564!4d105.7813968!16s%2Fg%2F11flm1k4f4!19sChIJ0XIiWahTNDERrfSRNMumBDI?authuser=0&hl=en&rclk=1
accommodation_ChIJORcGYcCrNTER9pKMHVN7CdE,May De Ville Lakeside Hotel,https://www.google.com/maps/place/May+De+Ville+Lakeside+Hotel/data=!4m10!3m9!1s0x3135abc061061739:0xd1097b531d8c92f6!5m2!4m1!1i2!8m2!3d21.0329965!4d105.8521542!16s%2Fg%2F1tdw0yw9!19sChIJORcGYcCrNTER9pKMHVN7CdE?authuser=0&hl=en&rclk=1
accommodation_ChIJp0HjLi9VNDERXw5QxcOn1_Q,MAY Homestay & Co-Working Space,https://www.google.com/maps/place/MAY+Homestay+%26+Co-Working+Space/data=!4m10!3m9!1s0x3134552f2ee341a7:0xf4d7a7c3c5500e5f!5m2!4m1!1i2!8m2!3d21.0206333!4d105.771791!16s%2Fg%2F11vbqqyvd0!19sChIJp0HjLi9VNDERXw5QxcOn1_Q?authuser=0&hl=en&rclk=1
accommodation_ChIJ95zq7xxhNDER5JJ9EaSBlk0,Meliá Ba Vi Mountain Retreat,https://www.google.com/maps/place/Meli%C3%A1+Ba+Vi+Mountain+Retreat/data=!4m10!3m9!1s0x3134611cefea9cf7:0x4d9681a4117d92e4!5m2!4m1!1i2!8m2!3d21.0862796!4d105.3562685!16s%2Fg%2F11g0mv7z7d!19sChIJ95zq7xxhNDER5JJ9EaSBlk0?authuser=0&hl=en&rclk=1
accommodation_ChIJ2ehlkZOrNTERzL1Vpx8rlfM,Meliá Hanoi,https://www.google.com/maps/place/Meli%C3%A1+Hanoi/data=!4m10!3m9!1s0x3135ab939165e8d9:0xf3952b1fa755bdcc!5m2!4m1!1i2!8m2!3d21.024388!4d105.8483808!16s%2Fg%2F1tdgxs1c!19sChIJ2ehlkZOrNTERzL1Vpx8rlfM?authuser=0&hl=en&rclk=1
accommodation_ChIJh02B9hirNTERAjicr32Drng,Meritel Hanoi,https://www.google.com/maps/place/Meritel+Hanoi/data=!4m10!3m9!1s0x3135ab18f6814d87:0x78ae837daf9c3802!5m2!4m1!1i2!8m2!3d21.0293134!4d105.8454768!16s%2Fg%2F11s3frgcyr!19sChIJh02B9hirNTERAjicr32Drng?authuser=0&hl=en&rclk=1
accommodation_ChIJsYSRWparNTERxgdJ4Q2yLWQ,Miah Boutique homestay,https://www.google.com/maps/place/Miah+Boutique+homestay/data=!4m10!3m9!1s0x3135ab965a9184b1:0x642db20de14907c6!5m2!4m1!1i2!8m2!3d21.0288115!4d105.8445092!16s%2Fg%2F11fnwhrfpb!19sChIJsYSRWparNTERxgdJ4Q2yLWQ?authuser=0&hl=en&rclk=1
accommodation_ChIJF5_I2W-sNTERjTwH1zLTneo,Mia Sen Vong,https://www.google.com/maps/place/Mia+Sen+Vong/data=!4m10!3m9!1s0x3135ac6fd9c89f17:0xea9dd332d7073c8d!5m2!4m1!1i2!8m2!3d20.9965042!4d105.8429396!16s%2Fg%2F11srzjt15y!19sChIJF5_I2W-sNTERjTwH1zLTneo?authuser=0&hl=en&rclk=1
accommodation_ChIJQQ2tNF2rNTERhYY7e6eQHu4,Milan Hotel Hanoi,https://www.google.com/maps/place/Milan+Hotel+Hanoi/data=!4m10!3m9!1s0x3135ab5d34ad0d41:0xee1e90a77b3b8685!5m2!4m1!1i2!8m2!3d21.0218913!4d105.803062!16s%2Fg%2F11b73r82vl!19sChIJQQ2tNF2rNTERhYY7e6eQHu4?authuser=0&hl=en&rclk=1
accommodation_ChIJyS_b1yarNTERhFxY2CJg9zk,Mimosa Homestay,https://www.google.com/maps/place/Mimosa+Homestay/data=!4m10!3m9!1s0x3135ab26d7db2fc9:0x39f76022d8585c84!5m2!4m1!1i2!8m2!3d21.0334652!4d105.8520185!16s%2Fg%2F11v_9wcvcg!19sChIJyS_b1yarNTERhFxY2CJg9zk?authuser=0&hl=en&rclk=1
accommodation_ChIJdagYWWarNTERPJKNJTyqtbo,Minerva Church Hotel,https://www.google.com/maps/place/Minerva+Church+Hotel/data=!4m10!3m9!1s0x3135ab665918a875:0xbab5aa3c258d923c!5m2!4m1!1i2!8m2!3d21.0288977!4d105.8500297!16s%2Fg%2F12hlktf4x!19sChIJdagYWWarNTERPJKNJTyqtbo?authuser=0&hl=en&rclk=1
accommodation_ChIJI-BJkmxdNDERTZDHcpKWSSU,Montana Villa Yên Bài,https://www.google.com/maps/place/Montana+Villa+Y%C3%AAn+B%C3%A0i/data=!4m10!3m9!1s0x31345d6c9249e023:0x2549969272c7904d!5m2!4m1!1i2!8m2!3d21.0464114!4d105.4256274!16s%2Fg%2F11r9h298x_!19sChIJI-BJkmxdNDERTZDHcpKWSSU?authuser=0&hl=en&rclk=1
accommodation_ChIJFeM-fBGrNTER0d13ALgInUw,Morri Homestay Quán Thánh,https://www.google.com/maps/place/Morri+Homestay+Qu%C3%A1n+Th%C3%A1nh/data=!4m10!3m9!1s0x3135ab117c3ee315:0x4c9d08b80077ddd1!5m2!4m1!1i2!8m2!3d21.0431993!4d105.8369523!16s%2Fg%2F11w3r87jp9!19sChIJFeM-fBGrNTER0d13ALgInUw?authuser=0&hl=en&rclk=1
accommodation_ChIJf-9qTJerNTERgnw2o6MIl5Y,Mövenpick Hotel Hanoi Centre,https://www.google.com/maps/place/M%C3%B6venpick+Hotel+Hanoi+Centre/data=!4m10!3m9!1s0x3135ab974c6aef7f:0x969708a3a3367c82!5m2!4m1!1i2!8m2!3d21.024698!4d105.8440815!16s%2Fg%2F1trc2f76!19sChIJf-9qTJerNTERgnw2o6MIl5Y?authuser=0&hl=en&rclk=1
accommodation_ChIJK7ixDudVNDERS0tdmNNOjUY,Mövenpick Living West Hanoi,https://www.google.com/maps/place/M%C3%B6venpick+Living+West+Hanoi/data=!4m10!3m9!1s0x313455e70eb1b82b:0x468d4ed3985d4b4b!5m2!4m1!1i2!8m2!3d21.0310827!4d105.7815969!16s%2Fg%2F11vkz408n6!19sChIJK7ixDudVNDERS0tdmNNOjUY?authuser=0&hl=en&rclk=1
accommodation_ChIJ--H6wJOrNTERVnLLXBZ-pY8,Mường Thanh Grand Hà Nội Centre Hotel,https://www.google.com/maps/place/M%C6%B0%E1%BB%9Dng+Thanh+Grand+H%C3%A0+N%E1%BB%99i+Centre+Hotel/data=!4m10!3m9!1s0x3135ab93c19b73af:0x8fa57e165ccb7256!5m2!4m1!1i2!8m2!3d21.023494!4d105.8478!16s%2Fg%2F11f4wv8pzf!19sChIJr3ObwZOrNTERVnLLXBZ-pY8?authuser=0&hl=en&rclk=1
accommodation_ChIJ2WE4y_isNTERShwadVpglNI,Mường Thanh Grand Hotel,https://www.google.com/maps/place/M%C6%B0%E1%BB%9Dng+Thanh+Grand+Hotel/data=!4m10!3m9!1s0x3135acf8cb3861d9:0xd294605a751a1c4a!5m2!4m1!1i2!8m2!3d20.9695404!4d105.8269658!16s%2Fg%2F1tfc_w11!19sChIJ2WE4y_isNTERShwadVpglNI?authuser=0&hl=en&rclk=1
accommodation_ChIJJTpPDCytNTERTFQLY3qqZok,Mường Thanh Grand Xa La Hotel,https://www.google.com/maps/place/M%C6%B0%E1%BB%9Dng+Thanh+Grand+Xa+La+Hotel/data=!4m10!3m9!1s0x3135ad2c0c4f3a25:0x8966aa7a630b544c!5m2!4m1!1i2!8m2!3d20.9605485!4d105.7918568!16s%2Fg%2F11clwn8q7p!19sChIJJTpPDCytNTERTFQLY3qqZok?authuser=0&hl=en&rclk=1
accommodation_ChIJLwVfIgCtNTERL0DSyNcMTIc,Nắng Homestay Hà Nội,https://www.google.com/maps/place/N%E1%BA%AFng+Homestay+H%C3%A0+N%E1%BB%99i/data=!4m7!3m6!1s0x3135ad00225f052f:0x874c0cd7c8d2402f!8m2!3d20.9787279!4d105.7962135!16s%2Fg%2F11ml_gptxq!19sChIJLwVfIgCtNTERL0DSyNcMTIc?authuser=0&hl=en&rclk=1
accommodation_ChIJw814vr2rNTERNh9oj_-R6xE,Nature Hotel - Lạc Long Quân,https://www.google.com/maps/place/Nature+Hotel+-+L%E1%BA%A1c+Long+Qu%C3%A2n/data=!4m10!3m9!1s0x3135abbdbe78cdc3:0x11eb91ff8f681f36!5m2!4m1!1i2!8m2!3d21.0631656!4d105.8092542!16s%2Fg%2F11xnngs19l!19sChIJw814vr2rNTERNh9oj_-R6xE?authuser=0&hl=en&rclk=1
accommodation_ChIJh2DVQ9CtNTERP8f06tZyGoE,NCC Garden Villas - Khu Biệt thự Trung tâm Hội nghị Quốc gia,https://www.google.com/maps/place/NCC+Garden+Villas+-+Khu+Bi%E1%BB%87t+th%E1%BB%B1+Trung+t%C3%A2m+H%E1%BB%99i+ngh%E1%BB%8B+Qu%E1%BB%91c+gia/data=!4m10!3m9!1s0x3135add043d56087:0x811a72d6eaf4c73f!5m2!4m1!1i2!8m2!3d21.0030349!4d105.783848!16s%2Fg%2F11v0xsn9mk!19sChIJh2DVQ9CtNTERP8f06tZyGoE?authuser=0&hl=en&rclk=1
accommodation_ChIJo2WZIr-rNTERjS8LlTvWQGQ,Ngáo Homestay & Residence,https://www.google.com/maps/place/Ng%C3%A1o+Homestay+%26+Residence/data=!4m10!3m9!1s0x3135abbf229965a3:0x6440d63b950b2f8d!5m2!4m1!1i2!8m2!3d21.0240122!4d105.8208292!16s%2Fg%2F11l34764gt!19sChIJo2WZIr-rNTERjS8LlTvWQGQ?authuser=0&hl=en&rclk=1
accommodation_ChIJFXsBIFUdNTERewCIi-YUEaY,Nhà Bên Rừng - U Lesa Retreat,https://www.google.com/maps/place/Nh%C3%A0+B%C3%AAn+R%E1%BB%ABng+-+U+Lesa+Retreat/data=!4m10!3m9!1s0x31351d5520017b15:0xa61114e68b88007b!5m2!4m1!1i2!8m2!3d21.2939193!4d105.7851505!16s%2Fg%2F11fyzbjx7t!19sChIJFXsBIFUdNTERewCIi-YUEaY?authuser=0&hl=en&rclk=1
accommodation_ChIJtShZIIqtNTERqC-vUOJ-50Y,Novotel Hà Nội Thái Hà,https://www.google.com/maps/place/Novotel+H%C3%A0+N%E1%BB%99i+Th%C3%A1i+H%C3%A0/data=!4m10!3m9!1s0x3135ad8a205928b5:0x46e77ee250af2fa8!5m2!4m1!1i2!8m2!3d21.009892!4d105.824023!16s%2Fg%2F11h6s5x_g4!19sChIJtShZIIqtNTERqC-vUOJ-50Y?authuser=0&hl=en&rclk=1
accommodation_ChIJoSwtBEyrNTERDGcNWRx6O5U,Novotel Suites Hanoi,https://www.google.com/maps/place/Novotel+Suites+Hanoi/data=!4m10!3m9!1s0x3135ab4c042d2ca1:0x953b7a1c590d670c!5m2!4m1!1i2!8m2!3d21.0302803!4d105.7854132!16s%2Fg%2F11bwqbq_6n!19sChIJoSwtBEyrNTERDGcNWRx6O5U?authuser=0&hl=en&rclk=1
accommodation_ChIJKdyyC-2rNTERiTF8KPMCH2c,Nusmile Homestay & Travel Agent,https://www.google.com/maps/place/Nusmile+Homestay+%26+Travel+Agent/data=!4m10!3m9!1s0x3135abed0bb2dc29:0x671f02f3287c3189!5m2!4m1!1i2!8m2!3d21.0284054!4d105.8500917!16s%2Fg%2F11tfh_zbdn!19sChIJKdyyC-2rNTERiTF8KPMCH2c?authuser=0&hl=en&rclk=1
accommodation_ChIJfeaFSnqrNTERKIGnN83rDmI,Oakwood Residence Hanoi,https://www.google.com/maps/place/Oakwood+Residence+Hanoi/data=!4m10!3m9!1s0x3135ab7a4a85e67d:0x620eebcd37a78128!5m2!4m1!1i2!8m2!3d21.0624458!4d105.8258446!16s%2Fg%2F11flbxrvfm!19sChIJfeaFSnqrNTERKIGnN83rDmI?authuser=0&hl=en&rclk=1
accommodation_ChIJ94wpQL-rNTERgZw5CuatajA,Old Quarter View Hanoi Hostel,https://www.google.com/maps/place/Old+Quarter+View+Hanoi+Hostel/data=!4m10!3m9!1s0x3135abbf40298cf7:0x306aade60a399c81!5m2!4m1!1i2!8m2!3d21.0347071!4d105.8510237!16s%2Fg%2F11c1nqzmbx!19sChIJ94wpQL-rNTERgZw5CuatajA?authuser=0&hl=en&rclk=1
accommodation_ChIJKWmCpPmqNTERLDC7ksAlzVk,Oriental Palace Apartments Hanoi,https://www.google.com/maps/place/Oriental+Palace+Apartments+Hanoi/data=!4m10!3m9!1s0x3135aaf9a4826929:0x59cd25c092bb302c!5m2!4m1!1i2!8m2!3d21.0652357!4d105.8244858!16s%2Fg%2F11c3vx_308!19sChIJKWmCpPmqNTERLDC7ksAlzVk?authuser=0&hl=en&rclk=1
accommodation_ChIJyR5Cn7-rNTERBr06RJWz0m0,Oriental Suites Hotel & Spa,https://www.google.com/maps/place/Oriental+Suites+Hotel+%26+Spa/data=!4m10!3m9!1s0x3135abbfa1ca3ab5:0x6dd2b395443abd06!5m2!4m1!1i2!8m2!3d21.033287!4d105.850964!16s%2Fg%2F11b6gddv37!19sChIJtTrKob-rNTERBr06RJWz0m0?authuser=0&hl=en&rclk=1
accommodation_ChIJFR7tHNmtNTERk2PWu_AclsY,OUR Homestay and Studio - Kim Liên,https://www.google.com/maps/place/OUR+Homestay+and+Studio+-+Kim+Li%C3%AAn/data=!4m7!3m6!1s0x3135add91ced1e15:0xc6961cf0bbd66393!8m2!3d21.0030725!4d105.8343161!16s%2Fg%2F11z22zc8g3!19sChIJFR7tHNmtNTERk2PWu_AclsY?authuser=0&hl=en&rclk=1
accommodation_ChIJp2QfSs-rNTERw25ZhdGRiZg,OUR Homestay and Studio - Tây Hồ,https://www.google.com/maps/place/OUR+Homestay+and+Studio+-+T%C3%A2y+H%E1%BB%93/data=!4m7!3m6!1s0x3135abcf4a1f64a7:0x988991d185596ec3!8m2!3d21.064678!4d105.8368827!16s%2Fg%2F11mcbccv9x!19sChIJp2QfSs-rNTERw25ZhdGRiZg?authuser=0&hl=en&rclk=1
accommodation_ChIJAVUJTM-sNTERxwHpvbK1Qow,OYO 217 Bich Ngoc Motel,https://www.google.com/maps/place/OYO+217+Bich+Ngoc+Motel/data=!4m10!3m9!1s0x3135accf4c095501:0x8c42b5b2bde901c7!5m2!4m1!1i2!8m2!3d20.983473!4d105.7925158!16s%2Fg%2F1tf45m5c!19sChIJAVUJTM-sNTERxwHpvbK1Qow?authuser=0&hl=en&rclk=1
accommodation_ChIJGzYLjo-rNTERB117v9Qhiuo,OYO 416 Giao Thông Hotel,https://www.google.com/maps/place/OYO+416+Giao+Th%C3%B4ng+Hotel/data=!4m10!3m9!1s0x3135ab8f8e0b361b:0xea8a21d4bf7b5d07!5m2!4m1!1i2!8m2!3d21.0181278!4d105.8411221!16s%2Fg%2F1tcx9n_r!19sChIJGzYLjo-rNTERB117v9Qhiuo?authuser=0&hl=en&rclk=1
accommodation_ChIJDY7f-sCrNTERw0xmzTEPspg,Panda Hotel Hanoi,https://www.google.com/maps/place/Panda+Hotel+Hanoi/data=!4m10!3m9!1s0x3135abc0fadf8e0d:0x98b20f31cd664cc3!5m2!4m1!1i2!8m2!3d21.0337431!4d105.8549607!16s%2Fg%2F11c1g6jf9b!19sChIJDY7f-sCrNTERw0xmzTEPspg?authuser=0&hl=en&rclk=1
accommodation_ChIJQ4nAa-qrNTERBXsFbSoi_iY,Pan Pacific Hanoi,https://www.google.com/maps/place/Pan+Pacific+Hanoi/data=!4m10!3m9!1s0x3135abea6bc08943:0x26fe222a6d057b05!5m2!4m1!1i2!8m2!3d21.0499731!4d105.839611!16s%2Fg%2F1ttp_l5c!19sChIJQ4nAa-qrNTERBXsFbSoi_iY?authuser=0&hl=en&rclk=1
accommodation_ChIJ3TYcfgBhNDER4Qgp_beDSKw,Paragon resort,https://www.google.com/maps/place/Paragon+resort/data=!4m10!3m9!1s0x313461007e1c36dd:0xac4883b7fd2908e1!5m2!4m1!1i2!8m2!3d21.0588687!4d105.3970797!16s%2Fg%2F11y3ss9dqs!19sChIJ3TYcfgBhNDER4Qgp_beDSKw?authuser=0&hl=en&rclk=1
accommodation_ChIJee5gzPCrNTER8lD4jsGnAgk,PARKROYAL Serviced Suites Hanoi,https://www.google.com/maps/place/PARKROYAL+Serviced+Suites+Hanoi/data=!4m10!3m9!1s0x3135abf0cc60ee79:0x902a7c18ef850f2!5m2!4m1!1i2!8m2!3d21.0456701!4d105.814544!16s%2Fg%2F11qm5b19r1!19sChIJee5gzPCrNTER8lD4jsGnAgk?authuser=0&hl=en&rclk=1
accommodation_ChIJM3zG5cCrNTER0c-n-STCY3E,Pearl Hostel,https://www.google.com/maps/place/Pearl+Hostel/data=!4m10!3m9!1s0x3135abc0e5c67c33:0x7163c224f9a7cfd1!5m2!4m1!1i2!8m2!3d21.0342094!4d105.854835!16s%2Fg%2F11c1r7drpc!19sChIJM3zG5cCrNTER0c-n-STCY3E?authuser=0&hl=en&rclk=1
accommodation_ChIJ5ZXKJV-rNTERjPXxtwVazQs,Pearl Hotel,https://www.google.com/maps/place/Pearl+Hotel/data=!4m10!3m9!1s0x3135ab5f25ca95e5:0xbcd5a05b7f1f58c!5m2!4m1!1i2!8m2!3d21.034167!4d105.805778!16s%2Fg%2F11t7mpkh97!19sChIJ5ZXKJV-rNTERjPXxtwVazQs?authuser=0&hl=en&rclk=1
accommodation_ChIJ972nAPirNTERlokpIciALKI,PentStudio West Lake Hanoi,https://www.google.com/maps/place/PentStudio+West+Lake+Hanoi/data=!4m10!3m9!1s0x3135abf800a7bdf7:0xa22c80c821298996!5m2!4m1!1i2!8m2!3d21.0807339!4d105.8157216!16s%2Fg%2F11g047r13z!19sChIJ972nAPirNTERlokpIciALKI?authuser=0&hl=en&rclk=1
accommodation_ChIJVQa1tWCrNTERp1ZgsDNLVPA,Peridot Grand Luxury Boutique Hotel,https://www.google.com/maps/place/Peridot+Grand+Luxury+Boutique+Hotel/data=!4m10!3m9!1s0x3135ab60b5b50655:0xf0544b33b06056a7!5m2!4m1!1i2!8m2!3d21.0329875!4d105.8463034!16s%2Fg%2F11fp8vn1_v!19sChIJVQa1tWCrNTERp1ZgsDNLVPA?authuser=0&hl=en&rclk=1
accommodation_ChIJbS2Ph9qrNTERuj0Y5FVCvgY,Phuong trang hotel hanoi,https://www.google.com/maps/place/Phuong+trang+hotel+hanoi/data=!4m10!3m9!1s0x3135abda878f2d6d:0x6be4255e4183dba!5m2!4m1!1i2!8m2!3d21.0398749!4d105.8666663!16s%2Fg%2F11f4wtnyht!19sChIJbS2Ph9qrNTERuj0Y5FVCvgY?authuser=0&hl=en&rclk=1
accommodation_ChIJI3hVoapUNDERyspoZZ823Ec,Ping Hotel,https://www.google.com/maps/place/Ping+Hotel/data=!4m10!3m9!1s0x313454aaa1557823:0x47dc369f6568caca!5m2!4m1!1i2!8m2!3d21.0141047!4d105.7809165!16s%2Fg%2F1hc2llctk!19sChIJI3hVoapUNDERyspoZZ823Ec?authuser=0&hl=en&rclk=1
accommodation_ChIJ__8jvJWrNTER9H4bXX-RqFI,Pullman Hanoi,https://www.google.com/maps/place/Pullman+Hanoi/data=!4m10!3m9!1s0x3135ab95bc23ffff:0x52a8917f5d1b7ef4!5m2!4m1!1i2!8m2!3d21.0300447!4d105.8289077!16s%2Fg%2F11b6gry515!19sChIJ__8jvJWrNTER9H4bXX-RqFI?authuser=0&hl=en&rclk=1
accommodation_ChIJD9GFCfqqNTERIIvKITTE6J4,Quang Ba Trade Union Hotel,https://www.google.com/maps/place/Quang+Ba+Trade+Union+Hotel/data=!4m10!3m9!1s0x3135aafa0985d10f:0x9ee8c43421ca8b20!5m2!4m1!1i2!8m2!3d21.0674399!4d105.8218286!16s%2Fg%2F12hv4w3wk!19sChIJD9GFCfqqNTERIIvKITTE6J4?authuser=0&hl=en&rclk=1
accommodation_ChIJcTxIUQCrNTERU6jxfP39tLk,Quiri Hostel Hanoi,https://www.google.com/maps/place/Quiri+Hostel+Hanoi/data=!4m10!3m9!1s0x3135ab0051483c71:0xb9b4fdfd7cf1a853!5m2!4m1!1i2!8m2!3d21.0382388!4d105.8477163!16s%2Fg%2F11wc39fg9x!19sChIJcTxIUQCrNTERU6jxfP39tLk?authuser=0&hl=en&rclk=1
accommodation_ChIJfYAYhwyrNTERqt30r-Kk0OI,Quyet Homestay,https://www.google.com/maps/place/Quyet+Homestay/data=!4m10!3m9!1s0x3135ab0c8718807d:0xe2d0a4e2aff4ddaa!5m2!4m1!1i2!8m2!3d21.0366312!4d105.823082!16s%2Fg%2F11fx953cmf!19sChIJfYAYhwyrNTERqt30r-Kk0OI?authuser=0&hl=en&rclk=1
accommodation_ChIJ5UDpHkmrNTERmzWmn24ImHY,RedDoorz Home Hotel Truong Cong Giai,https://www.google.com/maps/place/RedDoorz+Home+Hotel+Truong+Cong+Giai/data=!4m10!3m9!1s0x3135ab491ee940e5:0x7698086e9fa6359b!5m2!4m1!1i2!8m2!3d21.0326629!4d105.7897534!16s%2Fg%2F12hl0mt8h!19sChIJ5UDpHkmrNTERmzWmn24ImHY?authuser=0&hl=en&rclk=1
accommodation_ChIJKd_7-Q_wNDER5H1TZ72diSY,Red River Resort,https://www.google.com/maps/place/Red+River+Resort/data=!4m10!3m9!1s0x3134f00ff9fbdf29:0x26899dbd67537de4!5m2!4m1!1i2!8m2!3d21.2981266!4d105.5865526!16s%2Fg%2F1v62f3kg!19sChIJKd_7-Q_wNDER5H1TZ72diSY?authuser=0&hl=en&rclk=1
accommodation_ChIJQZKzSFRTNDERajd0wOQ4L2o,Reyna Hotel Hanoi,https://www.google.com/maps/place/Reyna+Hotel+Hanoi/data=!4m10!3m9!1s0x3134535448b39241:0x6a2f38e4c074376a!5m2!4m1!1i2!8m2!3d21.014462!4d105.7781227!16s%2Fg%2F11j00n4v3y!19sChIJQZKzSFRTNDERajd0wOQ4L2o?authuser=0&hl=en&rclk=1
accommodation_ChIJVVWJSVNTNDERHU7KqGTkBz0,Reyna Luxury Hotel,https://www.google.com/maps/place/Reyna+Luxury+Hotel/data=!4m10!3m9!1s0x31345353498bffeb:0x3d07e464a8ca4e1d!5m2!4m1!1i2!8m2!3d21.006848!4d105.781678!16s%2Fg%2F11tg1mj1f5!19sChIJ6_-LSVNTNDERHU7KqGTkBz0?authuser=0&hl=en&rclk=1
accommodation_ChIJkeoaCQ-tNTERasQUhg84_O8,Romeo Hotel Villa Pháp Vân,https://www.google.com/maps/place/Romeo+Hotel+Villa+Ph%C3%A1p+V%C3%A2n/data=!4m10!3m9!1s0x3135ad0f091aea91:0xeffc380f8614c46a!5m2!4m1!1i2!8m2!3d20.9556855!4d105.8485599!16s%2Fg%2F11w8h_p_m_!19sChIJkeoaCQ-tNTERasQUhg84_O8?authuser=0&hl=en&rclk=1
accommodation_ChIJMfsbJpldNDERr0RpjjJKX_Y,Rose Villas Resort Ba Vi,https://www.google.com/maps/place/Rose+Villas+Resort+Ba+Vi/data=!4m10!3m9!1s0x31345d99261bfb31:0xf65f4a328e6944af!5m2!4m1!1i2!8m2!3d21.0454375!4d105.4201875!16s%2Fg%2F11grb0bjct!19sChIJMfsbJpldNDERr0RpjjJKX_Y?authuser=0&hl=en&rclk=1
accommodation_ChIJB5JGEQCtNTERfEIXaosmO4w,Rosy Hotel 5,https://www.google.com/maps/place/Rosy+Hotel+5/data=!4m10!3m9!1s0x3135ad0011469207:0x8c3b268b6a17427c!5m2!4m1!1i2!8m2!3d20.985702!4d105.8675161!16s%2Fg%2F11w4kypg3l!19sChIJB5JGEQCtNTERfEIXaosmO4w?authuser=0&hl=en&rclk=1
accommodation_ChIJJ1-xdwlTNDERUL0yg-6V0yw,Rosy Motel 3,https://www.google.com/maps/place/Rosy+Motel+3/data=!4m10!3m9!1s0x3134530977b15f27:0x2cd395ee8332bd50!5m2!4m1!1i2!8m2!3d20.9778207!4d105.7586207!16s%2Fg%2F11n97tkwkr!19sChIJJ1-xdwlTNDERUL0yg-6V0yw?authuser=0&hl=en&rclk=1
accommodation_ChIJtY-noJirNTERJcAV1maXnOM,Royal Signature Hotel Hanoi,https://www.google.com/maps/place/Royal+Signature+Hotel+Hanoi/data=!4m10!3m9!1s0x3135ab98a0a78fb5:0xe39c9766d615c025!5m2!4m1!1i2!8m2!3d21.0294483!4d105.8482421!16s%2Fg%2F11xvph4dlz!19sChIJtY-noJirNTERJcAV1maXnOM?authuser=0&hl=en&rclk=1
accommodation_ChIJ31FroQyrNTERGJcwebZiFBQ,Roygent Parks Hanoi hotel,https://www.google.com/maps/place/Roygent+Parks+Hanoi+hotel/data=!4m10!3m9!1s0x3135ab0ca16b51df:0x141462b679309718!5m2!4m1!1i2!8m2!3d21.0021455!4d105.7935109!16s%2Fg%2F11f61480lx!19sChIJ31FroQyrNTERGJcwebZiFBQ?authuser=0&hl=en&rclk=1
accommodation_ChIJn5aj15StNTERkqjnVKSQajY,Ruby Lakeview homestay,https://www.google.com/maps/place/Ruby+Lakeview+homestay/data=!4m10!3m9!1s0x3135ad94d7a3969f:0x366a90a454e7a892!5m2!4m1!1i2!8m2!3d20.9716894!4d105.8355448!16s%2Fg%2F11h0_p8jsv!19sChIJn5aj15StNTERkqjnVKSQajY?authuser=0&hl=en&rclk=1
accommodation_ChIJidM5MAVVNDERuwsKBwR_Js4,Ruby Relax Home,https://www.google.com/maps/place/Ruby+Relax+Home/data=!4m10!3m9!1s0x313455053039d389:0xce267f04070a0bbb!5m2!4m1!1i2!8m2!3d21.0285181!4d105.7729499!16s%2Fg%2F11try5vqhh!19sChIJidM5MAVVNDERuwsKBwR_Js4?authuser=0&hl=en&rclk=1
accommodation_ChIJK1y5LKasNTEReMMrfDnpmpw,San Quinze Hanoi Hotel,https://www.google.com/maps/place/San+Quinze+Hanoi+Hotel/data=!4m10!3m9!1s0x3135aca62cb95c2b:0x9c9ae9397c2bc378!5m2!4m1!1i2!8m2!3d21.0098443!4d105.7942411!16s%2Fg%2F11xcrzc4xn!19sChIJK1y5LKasNTEReMMrfDnpmpw?authuser=0&hl=en&rclk=1
accommodation_ChIJA2WN-pWrNTERjW4Nj7VizBU,Sazi Homestay,https://www.google.com/maps/place/Sazi+Homestay/data=!4m10!3m9!1s0x3135ab95fa8d6503:0x15cc62b58f0d6e8d!5m2!4m1!1i2!8m2!3d21.0317911!4d105.8444075!16s%2Fg%2F11dzdcj8nq!19sChIJA2WN-pWrNTERjW4Nj7VizBU?authuser=0&hl=en&rclk=1
accommodation_ChIJJWL8jD-rNTERfVKCqKLlL20,Sen Grand Hotel & Spa,https://www.google.com/maps/place/Sen+Grand+Hotel+%26+Spa/data=!4m10!3m9!1s0x3135ab3f8cfc6225:0x6d2fe5a2a882527d!5m2!4m1!1i2!8m2!3d21.0393361!4d105.8024973!16s%2Fg%2F11fmz2pxw6!19sChIJJWL8jD-rNTERfVKCqKLlL20?authuser=0&hl=en&rclk=1
accommodation_ChIJzU5HyKE6NDERKLlBg6jmrq8,Serena Resort Kim Bôi,https://www.google.com/maps/place/Serena+Resort+Kim+B%C3%B4i/data=!4m10!3m9!1s0x31343aa1c8474ecd:0xafaee6a88341b928!5m2!4m1!1i2!8m2!3d20.592014!4d105.5895313!16s%2Fg%2F11cn5p_j9j!19sChIJzU5HyKE6NDERKLlBg6jmrq8?authuser=0&hl=en&rclk=1
accommodation_ChIJs3U8x1WqNTERVlbCclf0IWY,Sheraton Hanoi Hotel,https://www.google.com/maps/place/Sheraton+Hanoi+Hotel/data=!4m10!3m9!1s0x3135aa55c73c75b3:0x6621f45772c25656!5m2!4m1!1i2!8m2!3d21.0596618!4d105.8315067!16s%2Fg%2F1hhn3mfn4!19sChIJs3U8x1WqNTERVlbCclf0IWY?authuser=0&hl=en&rclk=1
accommodation_ChIJp0Ztq8NVNDERmK91hduKS5c,Sheraton Hanoi West,https://www.google.com/maps/place/Sheraton+Hanoi+West/data=!4m10!3m9!1s0x313455c3ab6d46a7:0x974b8adb8575af98!5m2!4m1!1i2!8m2!3d21.0271403!4d105.767351!16s%2Fg%2F11fmxnmm12!19sChIJp0Ztq8NVNDERmK91hduKS5c?authuser=0&hl=en&rclk=1
accommodation_ChIJV8oINcCrNTERZKL8L91c2GM,Shining Central Hotel & Spa,https://www.google.com/maps/place/Shining+Central+Hotel+%26+Spa/data=!4m10!3m9!1s0x3135abc03508ca57:0x63d85cdd2ffca264!5m2!4m1!1i2!8m2!3d21.0315644!4d105.8552379!16s%2Fg%2F11h583zhrh!19sChIJV8oINcCrNTERZKL8L91c2GM?authuser=0&hl=en&rclk=1
accommodation_ChIJ__9iEb6rNTER8FgS8-R29_w,Silk Flower Hotel & Spa,https://www.google.com/maps/place/Silk+Flower+Hotel+%26+Spa/data=!4m10!3m9!1s0x3135abbe1162ffff:0xfcf776e4f31258f0!5m2!4m1!1i2!8m2!3d21.0319838!4d105.8476185!16s%2Fg%2F11t5n8f6k3!19sChIJ__9iEb6rNTER8FgS8-R29_w?authuser=0&hl=en&rclk=1
accommodation_ChIJiVE6A7qrNTERUcC2-F2fswY,Skylux Hanoi Homestay,https://www.google.com/maps/place/Skylux+Hanoi+Homestay/data=!4m10!3m9!1s0x3135abba033a5189:0x6b39f5df8b6c051!5m2!4m1!1i2!8m2!3d21.0294705!4d105.8485798!16s%2Fg%2F11xz04mwt3!19sChIJiVE6A7qrNTERUcC2-F2fswY?authuser=0&hl=en&rclk=1
accommodation_ChIJ3bPIBkBfNDERvv5Oai33FFo,Soca Villa,https://www.google.com/maps/place/Soca+Villa/data=!4m10!3m9!1s0x31345f4006c8b3dd:0x5a14f72d6a4efebe!5m2!4m1!1i2!8m2!3d21.0770304!4d105.4170788!16s%2Fg%2F11rn31k0dr!19sChIJ3bPIBkBfNDERvv5Oai33FFo?authuser=0&hl=en&rclk=1
accommodation_ChIJBW9gxNEDNTERCXnXOZ8et9Y,Sóc villa,https://www.google.com/maps/place/S%C3%B3c+villa/data=!4m10!3m9!1s0x313503d1c4606f05:0xd6b71e9f39d77909!5m2!4m1!1i2!8m2!3d21.2826761!4d105.8037733!16s%2Fg%2F11kqwl_p46!19sChIJBW9gxNEDNTERCXnXOZ8et9Y?authuser=0&hl=en&rclk=1
accommodation_ChIJuVXFaaYDNTERpvLmgpUJLiA,Soc Village Wellness Retreat,https://www.google.com/maps/place/Soc+Village+Wellness+Retreat/data=!4m10!3m9!1s0x313503a669c555b9:0x202e099582e6f2a6!5m2!4m1!1i2!8m2!3d21.2717573!4d105.8136878!16s%2Fg%2F11hfmzbmfv!19sChIJuVXFaaYDNTERpvLmgpUJLiA?authuser=0&hl=en&rclk=1
accommodation_ChIJTbX4mOurNTERJV-mNCKY1pA,Sofitel Legend Metropole Hanoi,https://www.google.com/maps/place/Sofitel+Legend+Metropole+Hanoi/data=!4m10!3m9!1s0x3135abeb98f8b54d:0x90d6982234a65f25!5m2!4m1!1i2!8m2!3d21.0254125!4d105.856375!16zL20vMGdzX2Nk!19sChIJTbX4mOurNTERJV-mNCKY1pA?authuser=0&hl=en&rclk=1
accommodation_ChIJ5zbRtxYyNDERtD4Dywl2mcw,Sỏi Ecolodge,https://www.google.com/maps/place/S%E1%BB%8Fi+Ecolodge/data=!4m10!3m9!1s0x31343216b7d136e7:0xcc997609cb033eb4!5m2!4m1!1i2!8m2!3d20.5755237!4d105.7036051!16s%2Fg%2F11dxr41xvc!19sChIJ5zbRtxYyNDERtD4Dywl2mcw?authuser=0&hl=en&rclk=1
accommodation_ChIJA4AdhWWrNTERO7HYgoGwMrQ,Soleil Boutique Hotel,https://www.google.com/maps/place/Soleil+Boutique+Hotel/data=!4m10!3m9!1s0x3135ab65851d8003:0xb432b08182d8b13b!5m2!4m1!1i2!8m2!3d21.0287952!4d105.8444792!16s%2Fg%2F11h2hln6s9!19sChIJA4AdhWWrNTERO7HYgoGwMrQ?authuser=0&hl=en&rclk=1
accommodation_ChIJDyi8FJerNTERkGa5aeymJIw,Somerset Grand Hanoi,https://www.google.com/maps/place/Somerset+Grand+Hanoi/data=!4m10!3m9!1s0x3135ab9714bc280f:0x8c24a6ec69b96690!5m2!4m1!1i2!8m2!3d21.0258293!4d105.846344!16s%2Fg%2F1tqt73y4!19sChIJDyi8FJerNTERkGa5aeymJIw?authuser=0&hl=en&rclk=1
accommodation_ChIJbQ4SxzqrNTERdUZexfQVBcA,Somerset Hoa Binh Hanoi,https://www.google.com/maps/place/Somerset+Hoa+Binh+Hanoi/data=!4m10!3m9!1s0x3135ab3ac7120e6d:0xc00515f4c55e4675!5m2!4m1!1i2!8m2!3d21.0466472!4d105.7953951!16s%2Fg%2F1td9y4kf!19sChIJbQ4SxzqrNTERdUZexfQVBcA?authuser=0&hl=en&rclk=1
accommodation_ChIJSwoESfiqNTERVCZUCd4-yHw,Somerset West Point Hanoi,https://www.google.com/maps/place/Somerset+West+Point+Hanoi/data=!4m10!3m9!1s0x3135aaf849040a4b:0x7cc83ede09542654!5m2!4m1!1i2!8m2!3d21.0664447!4d105.8261698!16s%2Fg%2F11c146713d!19sChIJSwoESfiqNTERVCZUCd4-yHw?authuser=0&hl=en&rclk=1
accommodation_ChIJVVVVKKOsNTERINFpmr3dk0Y,Sport Hotel,https://www.google.com/maps/place/Sport+Hotel/data=!4m10!3m9!1s0x3135aca328555555:0x4693ddbd9a69d120!5m2!4m1!1i2!8m2!3d21.0016009!4d105.8031068!16s%2Fg%2F1tcz5t3x!19sChIJVVVVKKOsNTERINFpmr3dk0Y?authuser=0&hl=en&rclk=1
accommodation_ChIJZaC3SspUNDERAK_Q6eTksBo,Star Hotel,https://www.google.com/maps/place/Star+Hotel/data=!4m10!3m9!1s0x313454ca4ab7a065:0x1ab0e4e4e9d0af00!5m2!4m1!1i2!8m2!3d21.0405712!4d105.7778472!16s%2Fg%2F1jkwl660k!19sChIJZaC3SspUNDERAK_Q6eTksBo?authuser=0&hl=en&rclk=1
accommodation_ChIJMeWGyy_jNDERw0VGRHyo4Dw,Summerly Villa Đồng Đò (Chủ sở hữu),https://www.google.com/maps/place/Summerly+Villa+%C4%90%E1%BB%93ng+%C4%90%C3%B2+%28Ch%E1%BB%A7+s%E1%BB%9F+h%E1%BB%AFu%29/data=!4m10!3m9!1s0x3134e32fcb86e531:0x3ce0a87c444645c3!5m2!4m1!1i2!8m2!3d21.321756!4d105.7756528!16s%2Fg%2F11s3y2rqf8!19sChIJMeWGyy_jNDERw0VGRHyo4Dw?authuser=0&hl=en&rclk=1
accommodation_ChIJXfsW976rNTERxFlyTkpi79g,Sunny Homestay Hanoi,https://www.google.com/maps/place/Sunny+Homestay+Hanoi/data=!4m10!3m9!1s0x3135abbef716fb5d:0xd8ef624a4e7259c4!5m2!4m1!1i2!8m2!3d21.0339765!4d105.8487238!16s%2Fg%2F11l2_pj9fv!19sChIJXfsW976rNTERxFlyTkpi79g?authuser=0&hl=en&rclk=1
accommodation_ChIJgfAKMPqrNTERXG7RhBiRBVM,Sunrise Hanoi Hotel,https://www.google.com/maps/place/Sunrise+Hanoi+Hotel/data=!4m10!3m9!1s0x3135abfa300af081:0x5305911884d16e5c!5m2!4m1!1i2!8m2!3d21.0125677!4d105.8664067!16s%2Fg%2F11f1063zdy!19sChIJgfAKMPqrNTERXG7RhBiRBVM?authuser=0&hl=en&rclk=1
accommodation_ChIJN_zCb2GrNTERuRF4KRWo5Dg,Sunrise Hotel,https://www.google.com/maps/place/Sunrise+Hotel/data=!4m10!3m9!1s0x3135ab616fc2fc37:0x38e4a815297811b9!5m2!4m1!1i2!8m2!3d21.0148368!4d105.8104571!16s%2Fg%2F11bymstcj4!19sChIJN_zCb2GrNTERuRF4KRWo5Dg?authuser=0&hl=en&rclk=1
accommodation_ChIJA6w1N_KrNTERXmX64T9yuNU,Sunway Hotel Hanoi,https://www.google.com/maps/place/Sunway+Hotel+Hanoi/data=!4m10!3m9!1s0x3135abf23735ac03:0xd5b8723fe1fa655e!5m2!4m1!1i2!8m2!3d21.0162024!4d105.8570789!16s%2Fm%2F0hgmz9f!19sChIJA6w1N_KrNTERXmX64T9yuNU?authuser=0&hl=en&rclk=1
accommodation_ChIJaYzZpKerNTERQz8xbXYKSj0,SUPER HOTEL HANOI,https://www.google.com/maps/place/SUPER+HOTEL+HANOI/data=!4m10!3m9!1s0x3135aba7a4d98c69:0x3d4a0a766d313f43!5m2!4m1!1i2!8m2!3d21.0323355!4d105.7823335!16s%2Fg%2F11kb9rtlrw!19sChIJaYzZpKerNTERQz8xbXYKSj0?authuser=0&hl=en&rclk=1
accommodation_ChIJgyttDxWrNTERIbj4k6V76Lo,Su Vừng Homestay,https://www.google.com/maps/place/Su+V%E1%BB%ABng+Homestay/data=!4m7!3m6!1s0x3135ab150f6d2b83:0xbae87ba593f8b821!8m2!3d21.0414886!4d105.8422002!16s%2Fg%2F11lcctccrc!19sChIJgyttDxWrNTERIbj4k6V76Lo?authuser=0&hl=en&rclk=1
accommodation_ChIJJxco1s1fNDERZt7zu4qb1dg,Tan Da Spa Resort,https://www.google.com/maps/place/Tan+Da+Spa+Resort/data=!4m10!3m9!1s0x31345fcdd6281727:0xd8d59b8abbf3de66!5m2!4m1!1i2!8m2!3d21.0995782!4d105.4211327!16s%2Fg%2F11c2nbm52x!19sChIJJxco1s1fNDERZt7zu4qb1dg?authuser=0&hl=en&rclk=1
accommodation_ChIJx7PXeuaqNTER6-WUaJhUpr4,THAI HOA HOTEL,https://www.google.com/maps/place/THAI+HOA+HOTEL/data=!4m10!3m9!1s0x3135aae67ad7b3c7:0xbea654986894e5eb!5m2!4m1!1i2!8m2!3d21.0669509!4d105.8105915!16s%2Fg%2F11cst1_wmt!19sChIJx7PXeuaqNTER6-WUaJhUpr4?authuser=0&hl=en&rclk=1
accommodation_ChIJGT4gES5fNDER5wQMqs6cYt0,Thảo viên Resort,https://www.google.com/maps/place/Th%E1%BA%A3o+vi%C3%AAn+Resort/data=!4m10!3m9!1s0x31345f2e11203e19:0xdd629cceaa0c04e7!5m2!4m1!1i2!8m2!3d21.0961311!4d105.4884514!16s%2Fg%2F11b6tw9npk!19sChIJGT4gES5fNDER5wQMqs6cYt0?authuser=0&hl=en&rclk=1
accommodation_ChIJfUVOLvKrNTER5_mojgHkK1U,The Ann Hanoi Hotel & Spa,https://www.google.com/maps/place/The+Ann+Hanoi+Hotel+%26+Spa/data=!4m10!3m9!1s0x3135abf22e4e457d:0x552be4018ea8f9e7!5m2!4m1!1i2!8m2!3d21.0157806!4d105.8577028!16s%2Fg%2F11b7q1q9_z!19sChIJfUVOLvKrNTER5_mojgHkK1U?authuser=0&hl=en&rclk=1
accommodation_ChIJX8aRbDCrNTERH4XmO3-ls1o,The Autumn Homestay,https://www.google.com/maps/place/The+Autumn+Homestay/data=!4m10!3m9!1s0x3135ab306c91c65f:0x5ab3a57f3be6851f!5m2!4m1!1i2!8m2!3d21.0490679!4d105.8397456!16s%2Fg%2F11f7r1c5qt!19sChIJX8aRbDCrNTERH4XmO3-ls1o?authuser=0&hl=en&rclk=1
accommodation_ChIJDR8P8kurNTERC1XuWKYrrjE,The Bloom Hotel - Bespoke Living,https://www.google.com/maps/place/The+Bloom+Hotel+-+Bespoke+Living/data=!4m10!3m9!1s0x3135ab4bf20f1f0d:0x31ae2ba658ee550b!5m2!4m1!1i2!8m2!3d21.0328066!4d105.7872385!16s%2Fg%2F11fnz2cdgk!19sChIJDR8P8kurNTERC1XuWKYrrjE?authuser=0&hl=en&rclk=1
accommodation_ChIJ1ynAVACrNTERnck7ZDq9HIw,The Emissary Hanoi Hotel & Spa,https://www.google.com/maps/place/The+Emissary+Hanoi+Hotel+%26+Spa/data=!4m10!3m9!1s0x3135abc1d0fe9103:0x8c1cbd3a643bc99d!5m2!4m1!1i2!8m2!3d21.030634!4d105.856017!16s%2Fg%2F11ysnzjgzf!19sChIJA5H-0MGrNTERnck7ZDq9HIw?authuser=0&hl=en&rclk=1
accommodation_ChIJeZtkQvirNTERxsE3YiGeXyU,The Euphoria,https://www.google.com/maps/place/The+Euphoria/data=!4m10!3m9!1s0x3135abf842649b79:0x255f9e216237c1c6!5m2!4m1!1i2!8m2!3d21.0631792!4d105.8277205!16s%2Fg%2F11pyp2f6z6!19sChIJeZtkQvirNTERxsE3YiGeXyU?authuser=0&hl=en&rclk=1
accommodation_ChIJ25mRwairNTER75diy1w0NJ0,The Five Residences Hanoi,https://www.google.com/maps/place/The+Five+Residences+Hanoi/data=!4m10!3m9!1s0x3135aba8c19199db:0x9d34345ccb6297ef!5m2!4m1!1i2!8m2!3d21.0362743!4d105.8166862!16s%2Fg%2F11km9f4r2t!19sChIJ25mRwairNTER75diy1w0NJ0?authuser=0&hl=en&rclk=1
accommodation_ChIJNfNWYKyrNTERnYDHTVa8Spo,The Hanoi Club Hotel & Residences,https://www.google.com/maps/place/The+Hanoi+Club+Hotel+%26+Residences/data=!4m10!3m9!1s0x3135abac6056f335:0x9a4abc564dc7809d!5m2!4m1!1i2!8m2!3d21.052125!4d105.836715!16s%2Fg%2F1vp6xn_b!19sChIJNfNWYKyrNTERnYDHTVa8Spo?authuser=0&hl=en&rclk=1
accommodation_ChIJqc9ia5erNTERxIcoRY4osqU,The Lapis Hotel,https://www.google.com/maps/place/The+Lapis+Hotel/data=!4m10!3m9!1s0x3135ab976b62cfa9:0xa5b2288e452887c4!5m2!4m1!1i2!8m2!3d21.0196457!4d105.8559112!16s%2Fg%2F11c54cr0m7!19sChIJqc9ia5erNTERxIcoRY4osqU?authuser=0&hl=en&rclk=1
accommodation_ChIJRzSwVQCrNTERApSm-1QpyEU,The Little Hanoi,https://www.google.com/maps/place/The+Little+Hanoi/data=!4m10!3m9!1s0x3135ab0055b03447:0x45c82954fba69402!5m2!4m1!1i2!8m2!3d21.0137142!4d105.8006273!16s%2Fg%2F11wv0np01p!19sChIJRzSwVQCrNTERApSm-1QpyEU?authuser=0&hl=en&rclk=1
accommodation_ChIJpQ2Xp1mrNTERv5loUIzDzvA,The One Hostel Hanoi,https://www.google.com/maps/place/The+One+Hostel+Hanoi/data=!4m10!3m9!1s0x3135ab59a7970da5:0xf0cec38c506899bf!5m2!4m1!1i2!8m2!3d21.0366786!4d105.8474313!16s%2Fg%2F11sjlnj5sd!19sChIJpQ2Xp1mrNTERv5loUIzDzvA?authuser=0&hl=en&rclk=1
accommodation_ChIJgZwVyZerNTERM_WVqGakOiI,The Oriental Jade Hotel,https://www.google.com/maps/place/The+Oriental+Jade+Hotel/data=!4m10!3m9!1s0x3135ab97c9159c81:0x223aa466a895f533!5m2!4m1!1i2!8m2!3d21.0296357!4d105.8501373!16s%2Fg%2F11fkt9mn4q!19sChIJgZwVyZerNTERM_WVqGakOiI?authuser=0&hl=en&rclk=1
accommodation_ChIJdzk41karNTER3Sxg7TumMho,The Rose Home,https://www.google.com/maps/place/The+Rose+Home/data=!4m10!3m9!1s0x3135ab46d6383977:0x1a32a63bed602cdd!5m2!4m1!1i2!8m2!3d21.0324982!4d105.7993398!16s%2Fg%2F11c328zcrr!19sChIJdzk41karNTER3Sxg7TumMho?authuser=0&hl=en&rclk=1
accommodation_ChIJHYhLxz-tNTER6Ypa_Qs-qMw,The Ryder Lodge,https://www.google.com/maps/place/The+Ryder+Lodge/data=!4m10!3m9!1s0x3135ad3fc74b881d:0xcca83e0bfd5a8ae9!5m2!4m1!1i2!8m2!3d20.9875662!4d105.7856652!16s%2Fg%2F11wfsf3xp4!19sChIJHYhLxz-tNTER6Ypa_Qs-qMw?authuser=0&hl=en&rclk=1
accommodation_ChIJQx2ju0mrNTERTIS3ZZDNyRk,Thu Giang Hotel,https://www.google.com/maps/place/Thu+Giang+Hotel/data=!4m10!3m9!1s0x3135ab49bba31d43:0x19c9cd9065b7844c!5m2!4m1!1i2!8m2!3d21.0342363!4d105.7902453!16s%2Fg%2F1pzrv1my8!19sChIJQx2ju0mrNTERTIS3ZZDNyRk?authuser=0&hl=en&rclk=1
accommodation_ChIJl9oHOZerNTERZb-fbIMml-M,TK123 Hanoi Hotel,https://www.google.com/maps/place/TK123+Hanoi+Hotel/data=!4m10!3m9!1s0x3135ab9738802ce9:0xe39726836c9fbf65!5m2!4m1!1i2!8m2!3d21.026541!4d105.842242!16s%2Fg%2F1tvw2dpr!19sChIJ6SyAOJerNTERZb-fbIMml-M?authuser=0&hl=en&rclk=1
accommodation_ChIJh8wFuUKrNTERf6pk7pdzy0I,Tofu's House,https://www.google.com/maps/place/Tofu%27s+House/data=!4m10!3m9!1s0x3135ab42b905cc87:0x42cb7397ee64aa7f!5m2!4m1!1i2!8m2!3d21.0243441!4d105.8042622!16s%2Fg%2F11gd298q0k!19sChIJh8wFuUKrNTERf6pk7pdzy0I?authuser=0&hl=en&rclk=1
accommodation_ChIJ-87inhlZNDER3aGkgBn9ISA,Tomodachi Retreat Lang Mit,https://www.google.com/maps/place/Tomodachi+Retreat+Lang+Mit/data=!4m10!3m9!1s0x313459199ee2cefb:0x2021fd1980a4a1dd!5m2!4m1!1i2!8m2!3d21.0589329!4d105.5281808!16s%2Fg%2F11h_c7l8mp!19sChIJ-87inhlZNDER3aGkgBn9ISA?authuser=0&hl=en&rclk=1
accommodation_ChIJywN5vc6rNTERgxtYEh2uwWw,Tonkin Luxury Boutique Hotel & Spa,https://www.google.com/maps/place/Tonkin+Luxury+Boutique+Hotel+%26+Spa/data=!4m10!3m9!1s0x3135abcebd7903cb:0x6cc1ae1d12581b83!5m2!4m1!1i2!8m2!3d21.0428595!4d105.8418442!16s%2Fg%2F11xdth03k7!19sChIJywN5vc6rNTERgxtYEh2uwWw?authuser=0&hl=en&rclk=1
accommodation_ChIJU5QbYayrNTER1QGpzOUQ3VA,Tràng An Complex,https://www.google.com/maps/place/Tr%C3%A0ng+An+Complex/data=!4m7!3m6!1s0x3135abac611b9453:0x50dd10e5cca901d5!8m2!3d21.044011!4d105.8028368!16s%2Fg%2F11fb0_5y7b!19sChIJU5QbYayrNTER1QGpzOUQ3VA?authuser=0&hl=en&rclk=1
accommodation_ChIJTUQVNfxENDERtR5gT9akhfg,Trang viên Đồng Gội Pandora Eco Retreat,https://www.google.com/maps/place/Trang+vi%C3%AAn+%C4%90%E1%BB%93ng+G%E1%BB%99i+Pandora+Eco+Retreat/data=!4m10!3m9!1s0x313444fc3515444d:0xf885a4d64f601eb5!5m2!4m1!1i2!8m2!3d20.9038532!4d105.5452188!16s%2Fg%2F11c4wx4ns1!19sChIJTUQVNfxENDERtR5gT9akhfg?authuser=0&hl=en&rclk=1
accommodation_ChIJt-oRpBKrNTER1XNYKbrg5zM,Tru by Hilton Hanoi Station,https://www.google.com/maps/place/Tru+by+Hilton+Hanoi+Station/data=!4m10!3m9!1s0x3135ab90973d13c9:0x33e7e0ba295873d5!5m2!4m1!1i2!8m2!3d21.023955!4d105.841636!16s%2Fg%2F11x8_365hp!19sChIJyRM9l5CrNTER1XNYKbrg5zM?authuser=0&hl=en&rclk=1
accommodation_ChIJCV-3teGqNTEReYucxvs9Kk0,Tuna Homestay & Experience,https://www.google.com/maps/place/Tuna+Homestay+%26+Experience/data=!4m10!3m9!1s0x3135aae1b5b75f09:0x4d2a3dfbc69c8b79!5m2!4m1!1i2!8m2!3d21.059132!4d105.808255!16s%2Fg%2F11h6f8p1kr!19sChIJCV-3teGqNTEReYucxvs9Kk0?authuser=0&hl=en&rclk=1
accommodation_ChIJfaX_Q1yrNTERbNETM7drpu0,Velavila Homestay,https://www.google.com/maps/place/Velavila+Homestay/data=!4m10!3m9!1s0x3135ab5c43ffa57d:0xeda66bb73313d16c!5m2!4m1!1i2!8m2!3d21.0161234!4d105.824795!16s%2Fg%2F11xv7p001h!19sChIJfaX_Q1yrNTERbNETM7drpu0?authuser=0&hl=en&rclk=1
accommodation_ChIJ_1Nn_tNfNDER5ADBEU6BmiA,Vườn Thiên Nhiên Ba Vì Natural Lodge,https://www.google.com/maps/place/V%C6%B0%E1%BB%9Dn+Thi%C3%AAn+Nhi%C3%AAn+Ba+V%C3%AC+Natural+Lodge/data=!4m10!3m9!1s0x31345fd3fe6753ff:0x209a814e11c100e4!5m2!4m1!1i2!8m2!3d21.0591221!4d105.447638!16s%2Fg%2F11h_b9ybrb!19sChIJ_1Nn_tNfNDER5ADBEU6BmiA?authuser=0&hl=en&rclk=1
accommodation_ChIJmRHvBamsNTERziDoi7wICi8,Vườn Vua Resort,https://www.google.com/maps/place/V%C6%B0%E1%BB%9Dn+Vua+Resort/data=!4m10!3m9!1s0x3135aca905ef1199:0x2f0a08bc8be820ce!5m2!4m1!1i2!8m2!3d21.1048501!4d105.2949129!16s%2Fg%2F11bzwnn328!19sChIJmRHvBamsNTERziDoi7wICi8?authuser=0&hl=en&rclk=1
accommodation_ChIJ3wAtdR-rNTER_u9w6x5c8T0,Wanderlust Station Hostel,https://www.google.com/maps/place/Wanderlust+Station+Hostel/data=!4m10!3m9!1s0x3135ab1f752d00df:0x3df15c1eeb70effe!5m2!4m1!1i2!8m2!3d21.0434314!4d105.8430947!16s%2Fg%2F11lyl0f0kl!19sChIJ3wAtdR-rNTER_u9w6x5c8T0?authuser=0&hl=en&rclk=1
accommodation_ChIJ86Xg1URTNDER-39DahH5UJM,Western Skyline Hotel.,https://www.google.com/maps/place/Western+Skyline+Hotel./data=!4m10!3m9!1s0x31345344d5e0a5f3:0x9350f9116a437ffb!5m2!4m1!1i2!8m2!3d21.0034162!4d105.7804029!16s%2Fg%2F11h81h5517!19sChIJ86Xg1URTNDER-39DahH5UJM?authuser=0&hl=en&rclk=1
accommodation_ChIJBw4YfgvxNDERJBzPVogK7FU,Westlake Hotel & Resort Vĩnh Phúc,https://www.google.com/maps/place/Westlake+Hotel+%26+Resort+V%C4%A9nh+Ph%C3%BAc/data=!4m10!3m9!1s0x3134f10b7e180e07:0x55ec0a8856cf1c24!5m2!4m1!1i2!8m2!3d21.3022245!4d105.5878703!16s%2Fg%2F11vdhj0nzg!19sChIJBw4YfgvxNDERJBzPVogK7FU?authuser=0&hl=en&rclk=1
accommodation_ChIJGczHFQCrNTERM0D75LgNPnQ,Westlake Pearl Aparthotel & Spa 17/52 To Ngoc Van - By Pegasy Group,https://www.google.com/maps/place/Westlake+Pearl+Aparthotel+%26+Spa+17%2F52+To+Ngoc+Van+-+By+Pegasy+Group/data=!4m10!3m9!1s0x3135ab0015c7cc19:0x743e0db8e4fb4033!5m2!4m1!1i2!8m2!3d21.0693046!4d105.8235487!16s%2Fg%2F11vptzt7rb!19sChIJGczHFQCrNTERM0D75LgNPnQ?authuser=0&hl=en&rclk=1
accommodation_ChIJQaSJHgCrNTERuHaQvesQ4V4,Wil'que Hotel Hanoi,https://www.google.com/maps/place/Wil%27que+Hotel+Hanoi/data=!4m10!3m9!1s0x3135abba9ebdf123:0x5ee110ebbd9076b8!5m2!4m1!1i2!8m2!3d21.042708!4d105.842542!16s%2Fg%2F11lcpspp9f!19sChIJI_G9nrqrNTERuHaQvesQ4V4?authuser=0&hl=en&rclk=1
accommodation_ChIJ4-AIOHJTNDERrPA6tPXgvk4,Wyndham Garden Hanoi,https://www.google.com/maps/place/Wyndham+Garden+Hanoi/data=!4m10!3m9!1s0x313453723808e0e3:0x4ebee0f5b43af0ac!5m2!4m1!1i2!8m2!3d20.9839297!4d105.7718076!16s%2Fg%2F11fd75f6k5!19sChIJ4-AIOHJTNDERrPA6tPXgvk4?authuser=0&hl=en&rclk=1
accommodation_ChIJ6SzfxVhJNDERN5a51ioY5jg,Wyndham Sky Lake Resort and Villas,https://www.google.com/maps/place/Wyndham+Sky+Lake+Resort+and+Villas/data=!4m10!3m9!1s0x31344958c5df2ce9:0x38e6182ad6b99637!5m2!4m1!1i2!8m2!3d20.8347957!4d105.6204669!16s%2Fg%2F11j3vzy7rp!19sChIJ6SzfxVhJNDERN5a51ioY5jg?authuser=0&hl=en&rclk=1
accommodation_ChIJg6NVtI5cNDER-_TMQY8aQL0,Xanh Villas Resort Hòa Lạc,https://www.google.com/maps/place/Xanh+Villas+Resort+H%C3%B2a+L%E1%BA%A1c/data=!4m10!3m9!1s0x31345c8eb455a383:0xbd401a8f41ccf4fb!5m2!4m1!1i2!8m2!3d20.9913046!4d105.4881756!16s%2Fg%2F11fyzbltsd!19sChIJg6NVtI5cNDER-_TMQY8aQL0?authuser=0&hl=en&rclk=1
