input,output,output-real
Bảo tàng Ánh Dương mở cửa từ mấy giờ đến mấy giờ?,Bảo tàng Ánh Dương mở cửa từ 08:00 đến 17:00 mỗi ngày. [1],Chưa có nguồn phù hợp để trả lời câu hỏi này.
What time does the Riverside Gallery open?,Riverside Gallery is open from 09:30 to 18:00 Tuesday through Sunday. [1],"Hiện tại các nguồn thông tin không cung cấp giờ mở cửa cụ thể cho Riverside Gallery. [1][2]

Thành phố Riverside, được mệnh danh là 'Thành phố của Nghệ thuật và Đổi mới', có nhiều bảo tàng và phòng trưng bày nghệ thuật tham gia sự kiện ArtsWalk vào thứ Năm đầu tiên của mỗi tháng. [1][2]

Thông tin về giờ mở cửa cụ thể cho 'Riverside Gallery' không được đề cập trong các tài liệu được cung cấp. Bạn nên kiểm tra trang web chính thức của địa điểm này trước khi ghé thăm."
Chợ đêm Hội An hoạt động đến mấy giờ?,Chợ đêm Hội An hoạt động từ 17:00 đến 22:00. [1],"Chợ đêm Nguyễn Hoàng tại Hội An có giờ hoạt động từ 17:00 đến 23:00. [1]

Chợ đêm Trần Phú hoạt động từ 18:00 đến 00:00. [1]

Các khu chợ đêm trên các tuyến đường như Bạch Đằng, Trần Quý Cáp, Tiểu La, Hoàng Văn Thụ có giờ hoạt động từ 18:00 đến 23:00. [1]

Hội An có nhiều khu chợ đêm khác nhau nằm trên các tuyến phố riêng biệt, mỗi khu chợ có khung giờ hoạt động cụ thể không hoàn toàn giống nhau."
Is the Sky Garden open on Monday?,Sky Garden is closed on Mondays. [1],"Các nguồn thông tin hiện có không cung cấp chi tiết cụ thể về giờ mở cửa hoặc lịch hoạt động vào thứ Hai của Sky Garden. [1][2][3]

Các nguồn dữ liệu được cung cấp chỉ liệt kê các câu hỏi thường gặp (FAQ) mà không hiển thị nội dung chi tiết về thời gian mở cửa cụ thể cho từng ngày trong tuần."
Khu di tích có nghỉ trưa không?,Khu di tích có nghỉ trưa; giờ mở cửa là 07:30–11:30 và 13:30–17:00. [1],"Di tích Nhà tù Hỏa Lò mở cửa tham quan liên tục từ 08:00 đến 17:00 tất cả các ngày trong tuần, bao gồm cả ngày Lễ và Tết, không nghỉ trưa. [1]

Di tích lịch sử Dinh Độc Lập mở cửa phục vụ khách tham quan tất cả các ngày trong tuần, kể cả thứ Bảy, Chủ nhật và Lễ, Tết từ 07:00 đến 18:00. [2][3]

Khu di tích Nhà sàn Bác Hồ có lịch hoạt động chia theo buổi, cụ thể vào mùa hè (từ 01/04 đến 31/10) mở cửa sáng từ 07:30 đến 11:00 và chiều từ 13:30 đến 16:00. [4]

Thông tin về giờ nghỉ trưa phụ thuộc vào từng địa điểm cụ thể. Trong khi Nhà tù Hỏa Lò và Dinh Độc Lập mở cửa xuyên suốt, Khu di tích Nhà sàn Bác Hồ có khung giờ nghỉ trưa cố định."
When is the aquarium last entry?,The aquarium's last entry is at 19:00 and the building closes at 19:30. [1],"Tại New England Aquarium, thời gian vào cửa cuối cùng là một giờ hai mươi phút trước giờ đóng cửa. [1]

Tại National Aquarium, thời gian vào cửa cuối cùng là 60 phút trước giờ đóng cửa. [2]

Thông tin về giờ vào cửa cuối cùng phụ thuộc vào từng thủy cung cụ thể. Nguồn cung cấp thông tin cho New England Aquarium và National Aquarium, nhưng không đề cập đến quy định này cho các thủy cung khác như Thủy cung Times City."
Ngày lễ này công viên có mở cửa không?,Công viên ven hồ mở cửa từ 06:00 đến 21:00 vào ngày lễ. [1],"Công viên nước Thanh Lễ mở cửa đón khách tất cả các ngày trong tuần, từ Thứ Hai đến Chủ Nhật, với khung giờ hoạt động cố định từ 7h00 sáng đến 21h00 tối. [1]

Giá vé tại công viên nước Thanh Lễ có thể thay đổi tùy theo chính sách của ban quản lý, đặc biệt vào các dịp lễ, Tết hoặc các sự kiện đặc biệt. [1]

Công viên Thủ Lệ vẫn mở cửa đón khách tham quan trong các dịp nghỉ lễ như 30/4 và 1/5. [2]

Thông tin về việc mở cửa vào ngày lễ cụ thể phụ thuộc vào từng công viên. Đối với Công viên nước Thanh Lễ, nguồn tin không khẳng định trực tiếp việc đóng hay mở cửa vào ngày lễ mà chỉ lưu ý giá vé có thể thay đổi vào các dịp này. Đối với Công viên Thủ Lệ, nguồn tin xác nhận công viên vẫn hoạt động trong dịp nghỉ lễ 30/4-1/5."
How long is the weekend craft market open?,The weekend craft market is open from 08:00 until 16:00 on Saturday and Sunday. [1],"Portland Saturday Market is open every Saturday from March through December, from 10 a.m. to 5 p.m. [1]

Eugene Saturday Market operates every Saturday in downtown Eugene from 10 a.m. to 4 p.m. during its regular season. [2]

The provided sources refer to specific craft markets in Portland and Eugene, Oregon. There is no information regarding a general 'weekend craft market' without a specific location. Please note that the Portland Saturday Market is explicitly not open on Sundays."
Phố cổ có giới hạn giờ tham quan buổi tối không?,Khách có thể tham quan phố cổ đến 23:00. [1],"Phố cổ Hà Nội là một địa điểm du lịch nổi tiếng, nơi du khách có thể thoải mái tham quan cả ban ngày lẫn ban đêm. [1][2]

Du khách có thể trải nghiệm không khí sôi động tại phố bia Tạ Hiện vào buổi tối hoặc tham quan chợ đêm phố cổ. [3][2]

Các nguồn cung cấp không đề cập đến bất kỳ quy định cụ thể nào về giới hạn giờ tham quan buổi tối tại khu vực phố cổ Hà Nội. Đối với các địa điểm tham quan cụ thể bên trong phố cổ (như đền, chùa hoặc các điểm có thu phí), du khách nên tìm hiểu kỹ quy định riêng của từng nơi."
Does the temple open earlier for sunrise visits?,Sunrise access begins at 05:30; the main temple halls open at 07:00. [1],"Dữ liệu hiện tại chỉ cung cấp thông tin về thời gian mặt trời mọc và lặn tại thành phố Temple, Texas, Hoa Kỳ, chứ không đề cập đến bất kỳ ngôi đền hay địa điểm tham quan cụ thể nào tại đây. [1]

Nguồn dữ liệu không chứa thông tin về các ngôi đền hoặc quy định giờ mở cửa cho các địa điểm tham quan tại Temple, Texas."
Vé người lớn của bảo tàng giá bao nhiêu?,Vé người lớn của bảo tàng có giá 50.000 VND. [1],"Tại Riverside Art Museum và The Cheech Marin Center for Chicano Art & Culture, vé vào cửa không thể đặt trước qua trang web mà cần được mua trực tiếp tại quầy dịch vụ khách hàng. [1]

Bảo tàng cung cấp quyền vào cửa miễn phí vào ngày thứ Năm đầu tiên của mỗi tháng trong sự kiện Riverside ArtsWalk. [2]

Du khách có thể được miễn phí vé vào cửa nếu sở hữu thẻ ghi nợ/tín dụng của Bank of America hoặc Merrill Lynch vào ngày cuối tuần đầu tiên của mỗi tháng, hoặc thuộc các nhóm đối tác ưu tiên như Big Brothers Big Sisters và tình nguyện viên CASA. [1]

Nguồn cung cấp không nêu rõ mức giá vé cụ thể cho người lớn, chỉ đề cập đến các chương trình miễn phí và yêu cầu mua vé trực tiếp tại quầy."
How much is the adult ticket for the botanical garden?,"An adult ticket for the botanical garden costs 120,000 VND. [1]","We invite visitors of Riverside Art Museum and The Cheech Marin Center for Chicano Art & Culture to spend the day, night or weekend here to experience our local restaurants, locally owned shops and other local attractions. Known as the ""City of Arts & Innovation"", Riverside is described as a gem of a city by locals and visitors. Welcome to Riverside! Explore Riverside Export Outlook .ics file Export .ics file Outlook Live Outlook 365 iCalendar Google Calendar Free Free IE Zine Fest ’26 "") [1]

With such a variety of goods handcrafted by more than 200 vendors, the Portland Saturday Market is naturally a great place to score gifts and souvenirs any time of the year, especially during holiday shopping. The Portland Saturday Market is a great place to shop local art and eat some great food. 3 of 3 light rail on tracks by stone arches with tents and vendors Credit: Justin Katigbak > A post shared by A Little Sun (@alittlesunart) 2 of 3 People stand under a canopy with signs reading > 8 15 [2]

A part of the Riverside Community College District Renaissance Block, the RCCD Center for Social Justice and Civil Rights is Riverside’s second museum dedicated to civil rights. The Civil Rights Institute hosts temporary and permanent exhibits that aim to bring attention to the people who have fought the good fight in the Inland Empire, the progress we have made, and the goals yet attained in forming the perfect union promised to everyone in our constitution. Field Trip Change Location [3]

The Saturday Market is in it’s 57th Season! America's longest-running open-air craft market! Who We Are Live Music Food Court Artisan Directory Next Markets Visit the Info Booth or call (541) 686-8885 with any questions. \Same-day booth assignments may not be visible on this week’s map! View The Market Map\ View The Market Map Years & Counting! Thank you for supporting our incredible local artists, makers, musicians, and food vendors throughout the season. Our Mission is to Promote and Advance: [4]"
Trẻ em dưới 6 tuổi có được miễn vé không?,Trẻ em dưới 6 tuổi được miễn vé khi đi cùng người lớn. [1],"Trẻ em dưới 6 tuổi được miễn phí vé tham quan Dinh Độc Lập. [1]

Tại Hà Nội, trẻ em dưới 16 tuổi được miễn phí vé tham quan tại tất cả các di tích lịch sử. [2]

Đối với các tour du lịch, chính sách giá vé cho trẻ em thường phụ thuộc vào độ tuổi, quy định của từng đơn vị cung cấp dịch vụ và các cấu phần như vé máy bay, giường ngủ hoặc suất ăn. [3]

Chính sách miễn phí vé cho trẻ em không đồng nhất giữa các địa điểm tham quan và các đơn vị tổ chức tour du lịch. Đối với các tour du lịch, trẻ em dưới 2 tuổi (infant) vẫn có thể phát sinh chi phí vé máy bay hoặc phí dịch vụ dù được miễn giảm phần land tour. Bạn nên liên hệ trực tiếp với đơn vị cung cấp dịch vụ để có thông tin chính xác nhất cho từng trường hợp cụ thể."
Is there a student discount at the art museum?,Students receive a 30% discount with a valid student card. [1],"Tại Riverside Art Museum và The Cheech Marin Center for Chicano Art & Culture, sinh viên đại học có thể mua vé vào cửa với giá ưu đãi là 12,95 USD, yêu cầu xuất trình thẻ sinh viên khi làm thủ tục. [1]

Bảo tàng cũng cung cấp gói hội viên hàng năm dành cho sinh viên với giá 35 USD, bao gồm quyền vào cửa không giới hạn. [1]"
Vé combo tham quan gồm những gì và giá bao nhiêu?,"Vé combo gồm bảo tàng và tháp quan sát, giá 180.000 VND. [1]","Tại Hội An, du khách có thể lựa chọn mua vé tham quan phố cổ tại các quầy vé ở cổng vào, mua qua các đại lý hoặc mua theo hình thức tour du lịch trọn gói đã bao gồm vé tham quan. [1]

Đối với các điểm tham quan khác ngoài phố cổ Hội An, du khách có thể mua vé trực tiếp tại từng điểm khi đến tham quan. [1]

Việc mua vé tham quan các di tích tại phố cổ Hội An phụ thuộc vào nhu cầu thực tế của du khách; nếu không có nhu cầu tìm hiểu sâu, bạn vẫn có thể tham quan phố cổ mà không cần mua vé. [1]

Nguồn dữ liệu không cung cấp thông tin chi tiết về danh mục các điểm đến cụ thể nằm trong 'vé combo' hoặc giá tiền cụ thể cho một loại vé combo tham quan nào tại Hội An."
Can I buy a family pass online?,"The family pass can be bought online for two adults and two children at 300,000 VND. [1]","Thông tin về việc mua vé gia đình (family pass) trực tuyến không được đề cập cụ thể cho các địa điểm du lịch trong nguồn dữ liệu. [1][2][3][4][5]

Nguồn dữ liệu hiện tại không cung cấp thông tin về khả năng mua vé gia đình trực tuyến cho các địa điểm được nhắc đến. Bạn vui lòng liên hệ trực tiếp với ban quản lý của địa điểm bạn quan tâm để có thông tin chính xác nhất."
Phí thuê hướng dẫn viên riêng là bao nhiêu?,Phí hướng dẫn viên riêng là 400.000 VND cho nhóm tối đa 10 người. [1],"Tại TP.HCM và khu vực Miền Tây, giá thuê hướng dẫn viên hoặc quản trò thường vào khoảng 700.000 VNĐ/ngày (từ 06h00 đến 19h00). [1]

Đối với hướng dẫn viên quốc tế chuyên tiếng Anh, phí thuê dao động từ 150–250 USD/ngày cho các thị trường Mỹ, Canada, Úc và từ 200–400 USD/ngày cho các khu vực khác. [2]

Giá thuê hướng dẫn viên du lịch thường chưa bao gồm các chi phí cá nhân như ăn uống, lưu trú và đi lại (tàu xe, máy bay). [3]

Giá thuê hướng dẫn viên có thể thay đổi tùy thuộc vào đơn vị cung cấp dịch vụ và yêu cầu cụ thể của chuyến đi. Các thông tin về giá nêu trên chỉ mang tính chất tham khảo từ nguồn dữ liệu được cung cấp."
Does the ticket include the audio guide?,"The standard ticket does not include the audio guide; it costs 40,000 VND extra. [1]","Riverside Art Museum and The Cheech are dedicated to ensuring accessibility for all through a range of free, reduced-cost, and general admission ticket options. Birthday Parties For Youth For Adults Creative Horizons Community Engagement Art-To-Go The Cheech Events RAM Events Permanent Collection Traveling Exhibitions The Cheech Riverside Art Museum Museum Guides Plan Your Visit The Cheech Marin Center for Chicano Art & Culture Riverside Art Museum Community Engagement Creative Horizons Hours [1]

The Harbor View Café, which is located on Level 2 of the Aquarium, requires an entry ticket to visit. Yes, there are several dining options available at the Aquarium. Learn more about our facilities and accommodations. Facility-Related Questions Check out the ways you can get involved. We might! We do not have our own school or camp programs right now, but we welcome field trip groups from schools and camps. Nursing is allowed wherever you feel comfortable. No. Get more parking information. [2]

If it does, you can visit Urge Palette, the art supply store connected to the gallery, for anything you’d need to start creating. Your grandma may not like it, but it might get your teenager into something new. PainSugar may have a bit of an edge. The RCCA Gallery is an excellent place to pick up a gift or a souvenir. You can often find local themes and imagery. Local members and guest artists show their best works on the walls here. The Heritage House is a Victorian estate trapped in time. [3]

Riverside Art Museum & The Cheech Program Details Adding Items to Cart... Loading Program Data... This may take a minute... Please be patient... Loading Event Data Add to Cart;) Back;) SELECTION TOTAL SELECTION SUMMARY Next;) Back;) Admission: Cheech Admission: RAM Select a time for your visit Next;) Back;) Select a date for your visit Next;) $12.95 Educator $12.95 College Student $12.95 Child (13 - 17) $0.00 Child (12 and Under) $12.95 Senior (65+) $17.95 Adult Ticket Selection Total: $0.00 0 [4]"
Có thể thanh toán vé bằng thẻ không?,"Quầy vé chấp nhận tiền mặt, thẻ Visa và Mastercard. [1]","Bảng giá vé Phố cổ Hội An 2026 cập nhật mới nhất cho du khách + Thư viện ảnh + Khám phá 3D + Video + Về Quảng Nam + Thư viện ảnh + Khám phá 3D + Video + Về Quảng Nam Giải trí Vận chuyển Mua sắm Ẩm thực Lưu trú khu du lịch Tin tức + Tour Chu Á + Tour Phú Quốc + Tour Đà Nẵng – Quảng Nam Tour Quảng Nam TourismQuảng Nam Tourism Thời tiết 10/06/2026 15:26 Bỏ qua nội dung Bạn cứ thoải mái dạo bộ, ngắm cảnh hay chụp những bức ảnh đẹp mà không bị giới hạn về thời gian. giá vé Phố cổ Hội An Phố đèn [1]

Phố cổ Hà Nội chỉ có diện tích khoảng 100ha với 10 phường và 76 tuyến phố, nhưng chỉ cần đặt chn đến đy, bạn sẽ có cảm giác như mình được quay về những thế kỷ trước của cả một Hà Nội cổ xưa, phản ánh phần nào bức tranh cuộc sống của mảnh đất và con người Hà Nội khi xưa. Lịch sử hình thành của phố cổ Hà Nội Một góc phố cổ Hà Nội.@Shutterstock Phố Cổ Hà Nội Hướng dẫn đường đi đến phố cổ Hà Nội Một góc phố cổ Hà Nội.@Shutterstock Phố Cổ Hà Nội Đọc thêm: Hà Nội Phố Cổ Hà Nội Đôi nét về phố cổ Hà [2]

Đã có mặt tại phố cổ Hội An thì bạn cũng đừng nên đắn đo có nên mua vé tham quan Hội An hay không nhé. Giá vé dành cho khách Quốc Tế: 120.000đ/người Giá vé dành cho khách Việt Nam: 80.000đ/người Vé tham quan Hội An được quy định dành cho khách Việt Nam và khách Nước ngoài như sau: Giá vé tham quan phố cổ Hội An Ngoài ra khi mua vé tham quan, du khách cũng được tham gia vào các hoạt động trải nghiệm văn hóa- nghệ thuật, trò chơi dn gian, biểu diễn đường phố tại Hội An hàng ngày từ 19h00 – 21h00. [3]

Bỏ túi kinh nghiệm ăn – chơi – khám phá chợ đêm Hội An mới nhất 2026 Bài viết Wonderpedia Trang chủ cho-dem-hoi-an-thumb Đặt vé VinWonders Công viên Grand Park) Thành Phố Hồ Chí Minh Vinpearl Horse Academy) VinWonders Vũ Yên) Hải Phòng VinWonders Nam Hội An) Đà Nẵng - Hội An VinWonders Cửa Hội) Công Viên Nước Hà Tĩnh) Nghệ An - Hà Tĩnh Vinpearl Theatre Ocean City) VinWonders Wave Park & Water Park) Aquafield Ocean City (Sauna & Spa)) VinKE & Vinpearl Aquarium) Grand World) + [4]"
What is the cancellation refund policy for a prepaid ticket?,Prepaid tickets are fully refundable up to 24 hours before the visit. [1],"Các nguồn thông tin hiện có không cung cấp chi tiết về chính sách hoàn tiền khi hủy vé trả trước. [1][2][3][4][5]

Các tài liệu được cung cấp không chứa thông tin về chính sách hoàn tiền cho vé trả trước. Bạn nên liên hệ trực tiếp với đơn vị cung cấp dịch vụ hoặc kiểm tra điều khoản cụ thể trên vé của mình để có thông tin chính xác nhất."
Địa chỉ của nhà hát ở đâu?,"Nhà hát Sông Hồng nằm tại số 1 đường Trần Phú, quận Trung Tâm. [1]","Hiện tại, các nguồn dữ liệu được cung cấp không đề cập đến địa chỉ cụ thể của một nhà hát nào tại Hà Nội. [1][2][3][4]

Thông tin về địa chỉ nhà hát không có trong dữ liệu nguồn. Các nguồn chỉ cung cấp thông tin về phố cổ Hà Nội, Thủy cung Times City và di tích Nhà tù Hỏa Lò."
Where is the Old Citadel visitor center?,"The visitor center is at 12 Heritage Road, beside the east gate. [1]","Các nguồn thông tin hiện có không đề cập đến vị trí của trung tâm du khách (visitor center) tại Old Citadel. [1]

Nguồn dữ liệu được cung cấp chỉ chứa thông tin về khuôn viên, các tòa nhà và lịch sử của The Citadel tại Charleston, nhưng không có thông tin về trung tâm du khách."
Lối vào chính của vườn quốc gia ở đâu?,"Lối vào chính nằm cạnh cầu Suối Mơ, cách bến xe 2 km. [1]","Cổng chính vào Nam Cát Tiên, khu vực du lịch chính của Vườn Quốc gia Cát Tiên, nằm tại ấp 5, xã Nam Cát Tiên, TP. Đồng Nai. [1]

Tại Vườn Quốc gia Cát Tiên, sau khi mua vé, du khách sẽ đi phà qua sông Đồng Nai để vào bên trong vườn. [1]

Thông tin về lối vào chính chỉ được xác minh cụ thể cho Vườn Quốc gia Cát Tiên. Đối với các vườn quốc gia khác như Cúc Phương hay Cát Bà, nguồn cung cấp thông tin về địa chỉ chung nhưng không mô tả chi tiết vị trí cổng vào chính."
Is the beach viewpoint near the train station?,"The beach viewpoint is 1.5 km west of the train station, about a 20-minute walk. [1]","Các nguồn tin hiện tại không cung cấp thông tin cụ thể về một 'điểm ngắm cảnh bãi biển' (beach viewpoint) nằm gần nhà ga tàu hỏa. [1][2][3][4][5]

Một số điểm đến bãi biển như Miami, Florida hay các bãi biển tại Charleston, South Carolina có các tuyến tàu hỏa Amtrak phục vụ, nhưng thông tin về điểm ngắm cảnh cụ thể gần nhà ga không được đề cập. [1]

Dữ liệu hiện có không xác nhận sự tồn tại hoặc vị trí của bất kỳ 'điểm ngắm cảnh bãi biển' nào gần nhà ga tàu hỏa trong các nguồn được cung cấp."
Có bãi đỗ xe gần chùa không?,Có bãi đỗ xe công cộng cách cổng chùa khoảng 300 m. [1],"Nếu bạn đang tìm bãi đỗ xe gần Chùa Ngọc Hoàng, bạn có thể sử dụng Bãi Xe Ô Tô Công Viên Lê Văn Tám nằm trên đường Điện Biên Phủ, phường Đa Kao, Quận 1, cách chùa khoảng 60m. [1]

Thông tin về bãi đỗ xe chỉ được xác minh cụ thể cho Chùa Ngọc Hoàng tại TP.HCM. Đối với các ngôi chùa khác, nguồn dữ liệu hiện tại không cung cấp thông tin chi tiết về bãi đỗ xe."
Which entrance should wheelchair users use?,"Wheelchair users should use the north entrance, which has a level path. [1]","Hiện tại, các nguồn thông tin được cung cấp không đề cập đến lối vào cụ thể dành cho người sử dụng xe lăn tại Phố cổ Hội An. [1]

Thông tin về lối vào dành cho người khuyết tật sử dụng xe lăn không có sẵn trong các tài liệu được cung cấp. Bạn nên liên hệ trực tiếp với Trung tâm Bảo tồn Di sản Văn hóa thế giới Hội An để được hỗ trợ thông tin chính xác nhất."
Địa điểm có gần sông không?,"Bến thuyền nằm ngay bên bờ sông, phía sau khu chợ cũ. [1]","Phố cổ Hội An là một địa điểm du lịch nổi tiếng nằm cạnh dòng sông Hoài thơ mộng. [1][2]

Du khách có thể tham quan khu vực sông Hoài và cầu Hội An hoàn toàn miễn phí. [1][2]"
Can visitors enter from the west gate after 6 PM?,"After 18:00, visitors must use the main gate because the west gate is closed. [1]","Cổng phía Tây (West Gate) tại căn cứ không quân Barksdale AFB được vận hành 24 giờ một ngày, bảy ngày một tuần. [1]

Du khách có thể được cấp thẻ khách tạm thời để vào căn cứ thông qua cổng phía Tây. [1]

Khi các trung tâm khách tham quan đóng cửa, cổng phía Tây sẽ hỗ trợ làm thẻ khách cho người đến thăm. [1]

Thông tin về việc vào cổng sau 6 giờ chiều không được nêu cụ thể theo khung giờ, tuy nhiên cổng phía Tây hoạt động 24/7 nên du khách vẫn có thể tiếp cận căn cứ vào thời điểm này."
Có cần đi bộ qua bậc thang để đến thác không?,Đường mòn đến thác có 120 bậc thang và không có lối dốc thay thế. [1],"Đối với Thác Nậm Lúc, du khách không cần leo bộ nhiều, chỉ cần leo khoảng 200m từ chỗ để xe là có thể đến chân thác. [1]

Thông tin về việc đi bộ qua bậc thang chỉ được đề cập cụ thể cho Thác Nậm Lúc. Đối với các thác nước khác, nguồn cung cấp không đưa ra thông tin chi tiết về việc có bậc thang hay không."
What landmark is next to the city museum?,The city museum is next to the Central Library and across from Lotus Square. [1],"Dữ liệu hiện tại không cung cấp thông tin cụ thể về địa danh nằm cạnh bảo tàng thành phố mà bạn đang tìm kiếm. [1][2]

Các nguồn dữ liệu được cung cấp không đề cập đến mối quan hệ vị trí giữa các bảo tàng thành phố và các địa danh lân cận cụ thể theo câu hỏi của bạn."
Từ sân bay đến trung tâm bằng taxi mất bao lâu?,Đi taxi từ sân bay đến trung tâm thường mất khoảng 35 phút. [1],"Thời gian di chuyển bằng taxi từ sân bay Nội Bài về trung tâm thành phố Hà Nội thường mất khoảng 40 phút. [1][2]

Vào khung giờ cao điểm (7h–9h sáng và 16h30–19h tối), thời gian di chuyển có thể kéo dài từ 70–80 phút hoặc tăng gấp đôi so với bình thường. [1]

Thời gian di chuyển thực tế có thể thay đổi tùy thuộc vào tình hình giao thông tại thời điểm di chuyển và tuyến đường cụ thể mà tài xế lựa chọn."
How long does the ferry ride to Green Island take?,The ferry ride to Green Island takes approximately 45 minutes. [1],"Chuyến đi bằng phà từ Cairns đến Green Island thường mất khoảng 45 phút trên tàu catamaran có máy lạnh. [1]

Thời gian di chuyển bằng phà và tàu du lịch đến Green Island thường dưới một giờ. [2]

Bạn nên đến bến tàu ít nhất 30 phút trước giờ khởi hành để làm thủ tục nhận vé. [2]

Thời gian di chuyển thực tế có thể thay đổi tùy thuộc vào điều kiện thời tiết và đơn vị vận hành phà."
Tuyến xe buýt nào đi đến bảo tàng lịch sử?,Xe buýt tuyến 03 và 08 dừng trước bảo tàng lịch sử. [1],"Để đến Bảo tàng Lịch sử Quân sự Việt Nam, bạn có thể sử dụng tuyến xe buýt 107 với điểm dừng ngay tại cổng bảo tàng trên đại lộ. [1]

Các tuyến xe buýt khác có điểm đỗ gần Bảo tàng Lịch sử Quân sự Việt Nam bao gồm 71B, 74, 87 và 88. [2]

Đối với Bảo tàng Lịch sử Việt Nam tại Quận 1, Thành phố Hồ Chí Minh, bạn có thể đi tuyến xe buýt 61-6. [3]

Thông tin về các tuyến xe buýt phụ thuộc vào địa điểm cụ thể mà bạn muốn đến, vì có sự khác biệt giữa Bảo tàng Lịch sử Quân sự Việt Nam (Hà Nội) và Bảo tàng Lịch sử Việt Nam (TP.HCM)."
Is there a direct train from the airport to downtown?,There is no direct train; travelers must transfer to the blue metro line at North Junction. [1],"Tại Denver, bạn có thể sử dụng tuyến tàu A Line của RTD để di chuyển trực tiếp từ Sân bay Quốc tế Denver (DEN) đến trung tâm thành phố tại Union Station với thời gian khoảng 37 phút. [1]

Tại Philadelphia, hành khách có thể đi tàu SEPTA Airport Line từ bất kỳ nhà ga nào tại sân bay để đến trung tâm thành phố trong khoảng 25 phút. [2]

Tại Chicago, hệ thống tàu 'L' của CTA cung cấp dịch vụ kết nối thuận tiện giữa các sân bay O'Hare và Midway với khu vực trung tâm thành phố. [3]

Tại Baltimore, bạn có thể sử dụng hệ thống tàu điện nhẹ (light rail) để di chuyển từ sân bay BWI đến trung tâm thành phố Baltimore, tuy nhiên cần lưu ý rằng bạn phải đi xe buýt trung chuyển miễn phí khoảng 10 phút để đến nhà ga tàu. [2]

Thông tin về việc kết nối tàu trực tiếp từ sân bay đến trung tâm thành phố phụ thuộc vào từng địa điểm cụ thể tại Hoa Kỳ; một số sân bay như Boston Logan không có tàu trực tiếp mà cần kết nối qua xe buýt hoặc phà."
Đi bộ từ khách sạn đến phố ẩm thực mất bao lâu?,Đi bộ từ khách sạn đến phố ẩm thực mất khoảng 12 phút. [1],"Matilda Boutique Hotel and Spa tọa lạc tại phố Mã Mây, chỉ cách Phố Cổ và quán cafe Giảng khoảng 5 phút đi bộ. [1]

Thông tin về thời gian đi bộ chỉ được xác nhận cụ thể cho khách sạn Matilda Boutique Hotel and Spa đến Phố Cổ và cafe Giảng. Đối với các khách sạn khác được đề cập như MK Premier Boutique Hotel, Solaria Hotel Hanoi hay Church Legend Hotel Hanoi, nguồn không cung cấp thời gian đi bộ cụ thể đến các phố ẩm thực."
What is the last bus to the mountain village?,The last bus leaves at 20:30 from Platform 4. [1],"Tại Mountain Village (Colorado), dịch vụ xe buýt hoạt động trong các tháng mùa hè và mùa thấp điểm để kết nối các địa điểm trong thị trấn. [1]

Tại Park City Mountain Village, dịch vụ xe buýt hoạt động với tần suất 30 phút một chuyến, chuyến cuối cùng thường kết thúc vào khoảng nửa đêm. [2]

Thông tin về 'chuyến xe buýt cuối cùng' phụ thuộc vào địa điểm cụ thể mà bạn đang đề cập, vì các nguồn dữ liệu cung cấp thông tin cho hai khu vực khác nhau là Mountain Village (Colorado) và Park City Mountain Village (Utah). Nguồn không nêu rõ giờ cụ thể cho chuyến cuối cùng tại Mountain Village (Colorado), trong khi tại Park City Mountain Village, các tuyến xe buýt thường kết thúc vào khoảng nửa đêm."
Có thể thuê xe đạp tại ga không?,Có thể thuê xe đạp tại cổng phía nam của ga từ 06:30 đến 19:00. [1],"Hiện tại, các nguồn thông tin được cung cấp không đề cập đến dịch vụ cho thuê xe đạp tại nhà ga. [1][2][3][4][5]

Dữ liệu hiện có không chứa thông tin về dịch vụ thuê xe đạp tại các nhà ga."
How far is the waterfall trail from the parking lot?,The waterfall trailhead is 2.2 km from the main parking lot. [1],"Tại Fossil Creek, đường mòn Waterfall Trail có chiều dài khoảng 1,2 dặm (khoảng 1,9 km) một chiều. [1]

Tại Zapata Falls, đường mòn đi bộ từ bãi đỗ xe là một lối đi dạo dễ dàng trên đường sỏi. [2]

Tại Buttermilk Falls ở New Jersey, thác nước nằm ngay gần bãi đỗ xe và chỉ cần đi bộ vài bước là tới. [3]

Khoảng cách từ bãi đỗ xe đến thác nước phụ thuộc hoàn toàn vào địa điểm cụ thể mà bạn ghé thăm, vì mỗi khu vực có quy hoạch đường mòn khác nhau."
Tàu thuyền có chạy khi trời mưa không?,Tàu thuyền vẫn chạy khi mưa nhẹ nhưng tạm dừng khi có cảnh báo giông. [1],"Đối với tàu thuyền du lịch, bạn nên tránh lên thuyền khi trời âm u, nổi gió hoặc có mưa lắc rắc kéo dài để đảm bảo an toàn. [1]

Đối với tàu điện (metro), tàu thường sẽ chạy bình thường trở lại sau khi hết mưa. [2]

Thông tin về việc tàu thuyền hoạt động khi trời mưa phụ thuộc vào loại hình phương tiện; tàu du lịch đường thủy cần thận trọng cao độ vì lý do an toàn, trong khi tàu điện đô thị có thể vận hành bình thường sau khi mưa tạnh."
Can I reserve an airport shuttle for 6 AM?,A 6 AM airport shuttle can be reserved if booked by 20:00 the previous day. [1],"Bạn hoàn toàn có thể đặt trước dịch vụ đưa đón sân bay với GO Airport Shuttle để đảm bảo xe sẵn sàng phục vụ theo lịch trình của bạn. [1]

Dịch vụ của GO Airport Shuttle cho phép bạn lên kế hoạch trước cho chuyến đi từ bất cứ đâu đến bất cứ đâu, giúp bạn yên tâm rằng xe sẽ sẵn sàng khi bạn cần. [1]

Nguồn cung cấp không nêu rõ khung giờ hoạt động cụ thể hoặc khả năng đặt xe vào lúc 6 giờ sáng, tuy nhiên dịch vụ cho phép đặt trước để đảm bảo xe sẵn sàng theo lịch trình của bạn."
Bảo tàng có tủ gửi đồ không?,"Bảo tàng có tủ gửi đồ miễn phí ở tầng trệt, gần quầy thông tin. [1]","Hiện tại, các nguồn thông tin được cung cấp không đề cập đến việc Bảo tàng Lịch sử Quân sự Việt Nam có cung cấp dịch vụ tủ gửi đồ cho du khách hay không. [1][2][3]

Thông tin về tiện ích tủ gửi đồ tại Bảo tàng Lịch sử Quân sự Việt Nam không có trong dữ liệu nguồn. Bạn nên liên hệ trực tiếp với ban quản lý bảo tàng để có thông tin chính xác nhất trước khi đến tham quan."
Does the visitor center have free Wi-Fi?,Free Wi-Fi is available in the visitor center and café area. [1],"Các nguồn dữ liệu hiện tại không cung cấp thông tin về việc trung tâm du khách có cung cấp Wi-Fi miễn phí hay không. [1][2][3][4][5]

Thông tin về Wi-Fi miễn phí tại trung tâm du khách không được đề cập trong các tài liệu được cung cấp."
Có nhà vệ sinh cho người khuyết tật không?,"Có nhà vệ sinh accessible cạnh sảnh phía đông, có tay vịn. [1]","Tại Hội An, chính quyền thành phố đã có thông báo về phương án cải tạo và nâng cấp các khu vệ sinh công cộng, trong đó bao gồm việc xây dựng các công trình vệ sinh dành riêng cho người khuyết tật. [1]

Trước đây, cơ sở hạ tầng tại nhiều điểm dịch vụ và khách sạn ở Hội An còn hạn chế, thiếu lối đi cho xe lăn hoặc không gian nhà vệ sinh chưa đảm bảo cho người khuyết tật sử dụng thuận tiện. [1]

Thông tin về việc triển khai nhà vệ sinh cho người khuyết tật dựa trên các thông báo cải tạo của chính quyền thành phố Hội An. Tuy nhiên, nguồn không cung cấp danh sách cụ thể các địa điểm đã hoàn thiện hoặc đang hoạt động tại thời điểm hiện tại."
Are strollers allowed inside the gallery?,Strollers are allowed except in the temporary exhibition room. [1],"While strollers are welcome in the Aquarium, we strongly recommend leaving your stroller at home or in your car. We do not have strollers available to borrow or rent. Some Aquarium spaces, such as the Harbor View Café, Science of Sharks exhibit, and top of the Giant Ocean Tank, will require the use of an elevator to access by wheelchair. You will need a form of ID in order to borrow a wheelchair. Wheelchairs are free and thoroughly cleaned before and after each use. Animal-Related Questions [1]

Aside from the Charleston Police emblem featured on The Citadel’s gates, the wrought-iron sword motif gracing two gates on The Citadel’s campus are identical to those at the well-known Sword Gates House at 32 Legare Street in Charleston. Sword Gates at The Citadel Ralph Mayer of Lexington, 2013 © Do Not Use Without Written Consent The chapel is nondenominational and hosts weekly Catholic, Episcopal, and Protestant services. Sarah Fick of Charleston, 2013 © Do Not Use Without Written Consent St. [2]

airports with a train to the city center, but if you are going to or from Toronto, buy a pass before boarding and you can ride from Pearson Airport to Union Station, which connects to other subway lines. This post is only about U.S. Cost: $2 one-way A ticket on Valley Metro is the same price no matter where you’re going so you can ride from the airport to nearly 40 stops along the route in either direction. Check the individual links for fare details. PHOENIX SKY HARBOR INTERNATIONAL – ARIZONA [3]

Getting to Green Island from Cairns is one of the simplest reef day trips you can plan. Book Your Green Island Day Trip The team at the Reef Info Visitor Centre on Abbott Street in Cairns can also help if you want advice on which Green Island package suits your group. If this is your first trip to the reef area, our first-timer’s guide to the Great Barrier Reef covers broader planning tips including what to expect on the water, sun protection, and how to choose between reef experiences. Back [4]"
Khu tham quan có chỗ nghỉ chân không?,Có ghế nghỉ ở mỗi tầng và khu nghỉ có mái che bên cạnh sân trong. [1],"Tại các khu tham quan như Phố cổ Hội An, du khách có thể mua vé tại các quầy bán vé đặt ở đầu đường vào khu phố cổ. [1]

Đối với Di tích Nhà tù Hỏa Lò, địa điểm này mở cửa tham quan tự do từ 08:00 đến 17:00 tất cả các ngày trong tuần, không nghỉ trưa và không nghỉ Lễ, Tết. [2]

Tại Thác Nậm Lúc, du khách chỉ cần đi bộ khoảng 200m từ vị trí để xe là có thể đến chân thác. [3]

Các nguồn dữ liệu được cung cấp không đề cập trực tiếp đến thông tin về các khu vực nghỉ chân cụ thể bên trong các điểm tham quan được nhắc đến."
Is there an audio guide in English?,"Audio guides are available in English, Vietnamese, Korean, and Japanese. [1]","Combining the vibes of an art show, a live street concert and an open-air bazaar, the Portland Saturday Market has been a beloved Rose City tradition since 1974 — in 2024, the market celebrated its 50th anniversary and earned the “Oregon Heritage Tradition” title. Portland, OR, 97204 98 Southwest Naito Parkway Tom McCall Waterfront Park Where Free Every Saturday Ongoing When Editor's Pick Kate Loftesness 4 min read Old Town Chinatown 24. Portland Saturday Market Kate Loftesness Prefer to drive? [1]

The hike to get there is an easy stroll on a gravel trail, through a variety of tree species. The parking lot is a thousand feet off the valley floor and offers full views of the San Luis Valley and a great view North to the Great Sand Dunes National Park and the high mountains above them in the Sangre de Cristo Range. Zapata Falls is a 25 foot waterfall tucked away inside a cave. Description 9,000 to 9200 feet. Elevations Pets on leash allowed. Overflow parking is available on the road. Notes [2]

Bảng giá vé Phố cổ Hội An 2026 cập nhật mới nhất cho du khách + Thư viện ảnh + Khám phá 3D + Video + Về Quảng Nam + Thư viện ảnh + Khám phá 3D + Video + Về Quảng Nam Giải trí Vận chuyển Mua sắm Ẩm thực Lưu trú khu du lịch Tin tức + Tour Chu Á + Tour Phú Quốc + Tour Đà Nẵng – Quảng Nam Tour Quảng Nam TourismQuảng Nam Tourism Thời tiết 10/06/2026 15:26 Bỏ qua nội dung Bạn cứ thoải mái dạo bộ, ngắm cảnh hay chụp những bức ảnh đẹp mà không bị giới hạn về thời gian. giá vé Phố cổ Hội An Phố đèn [3]

Giờ mở cửa: MÙA HÈ: Từ 01 tháng 4 đến 31 tháng 10 Sáng : Từ 7h30 đến 11h Chiều: Từ 13h30 đến 16h00. Từ 8h00 đến 11h00 [4]"
Có được mang nước uống vào khu triển lãm không?,Chỉ được mang chai nước có nắp kín; không được mang đồ ăn vào khu triển lãm. [1],"Bảng giá vé Phố cổ Hội An 2026 cập nhật mới nhất cho du khách + Thư viện ảnh + Khám phá 3D + Video + Về Quảng Nam + Thư viện ảnh + Khám phá 3D + Video + Về Quảng Nam Giải trí Vận chuyển Mua sắm Ẩm thực Lưu trú khu du lịch Tin tức + Tour Chu Á + Tour Phú Quốc + Tour Đà Nẵng – Quảng Nam Tour Quảng Nam TourismQuảng Nam Tourism Thời tiết 10/06/2026 15:26 Bỏ qua nội dung Bạn cứ thoải mái dạo bộ, ngắm cảnh hay chụp những bức ảnh đẹp mà không bị giới hạn về thời gian. giá vé Phố cổ Hội An Phố đèn [1]

Công viên nước Thanh Lễ có vị trí thuận tiện, dễ dàng tiếp cận từ TP.HCM và các khu vực ln cận: Hướng d̃n di chuyển đến công viên nước Thanh Lễ 4. Tạo nên một không gian vui nhộn và mát rượi giữa ngày hè. Trẻ nhỏ cực kỳ yêu thích khu này nhờ các vòi nước phun ngẫu nhiên từ mặt đất hoặc từ các mô hình động vật. Khu vực phun nước tương tác 3.5. Bạn chỉ cần nằm lên phao, thả trôi theo dòng nước nhẹ chảy qua các cảnh quan xanh mát trong công viên. Một trải nghiệm thư giãn đúng nghĩa. 3.4. 3.3. [2]

Đi hơn 200km đưa gia đình đến chơi công viên Thủ Lệ vui dịp nghỉ lễ Thời sự PhotoNews Báo điện tử Dn trí - Tin tức cập nhật liên tục 24/7 Sáng nay, Hà Nội đón nắng nhẹ, gió mát, thời tiết phù hợp cho các hoạt động ngoài trời. Nhiều gia đình từ khắp nơi đưa con nhỏ đến công viên Thủ Lệ, vui chơi, tận hưởng kỳ nghỉ 30/4 và 1/5. Xung quanh khu chuồng voi, đông kín trẻ nhỏ đứng xem, háo hức dõi theo từng chuyển động của con vật khổng lồ. ""Gia đình ưu tiên đưa con ra ngoài trong những ngày nghỉ. 1. [3]

Apr 19, 2025 — Như vậy, theo quy định tại Thông tư 182/2016/TT-BTC có quy định thì đối với trẻ em dưới 6 tuổi sẽ được miễn phí vé tham quan Dinh Độc Lập. Ngoài ...Read more [4]"
Does the park have a baby-changing room?,A baby-changing room is available beside the family restroom near Gate 2. [1],"Whoo hoo – NYC Parks Now Have Baby Changing Tables in 1,200 Park Restrooms! New York Family Ultimate Camp Fairs, Family Days & Charter School Expos - Register Today! New York Family: Family-Friendly New York | New York Events and Attractions for Kids in Manhattan, Brooklyn, The Bronx and QueensNew York Family: Family-Friendly New York | New York Events and Attractions for Kids in Manhattan, Brooklyn, The Bronx and Queens NYC Parks Now Have Baby Changing Tables in 1,200 Restrooms Photo: NYC [1]

Getting to Green Island from Cairns is one of the simplest reef day trips you can plan. Book Your Green Island Day Trip The team at the Reef Info Visitor Centre on Abbott Street in Cairns can also help if you want advice on which Green Island package suits your group. If this is your first trip to the reef area, our first-timer’s guide to the Great Barrier Reef covers broader planning tips including what to expect on the water, sun protection, and how to choose between reef experiences. Back [2]

The 2 Green bus offers a scenic and convenient route for residents and visitors, departing from the Park City Mountain Village Transit Hub and heading to Main Street before reaching the Old Town Transit Center (OTTC). 2 Green Bus Map & Times + Every 30 minutes from 6:24 AM until 11:54 PM. To Main Street, OTTC, Deer Valley: + Every 30 minutes from 6:57 AM until 11:27 PM. To Fresh Market, High School, Prospector Square: 3 Blue Bus 1 Red Bus 101 Spiro 5 Yellow 3 Blue 2 Green 1 Red logo × [3]

Contributor Ed Waldrop says of his photo of the Padgett-Thomas Barracks: “I have always been fascinated by the history and architecture of The Citadel. Reflections on The Citadel I would sometimes swim there with him during the lunch hour in the 1970s.” He later moved over to MUSC and taught anatomy. Metcalf (Ted) of the biology department oversaw the water treatment, etc. I.S.H. For many years, Dr. I can remember going swimming there about 1954 at the age of 6. This is what I got!” Website: [4]"
Có thể sạc điện thoại ở đâu?,Có trạm sạc điện thoại miễn phí tại sảnh chính và thư viện tầng hai. [1],"Bên cạnh thưởng thức tinh hoa ẩm thực của Hà Thành, bạn có thể kết hợp trải nghiệm các hoạt động du lịch Hà Nội, trong đó điển hình là show diễn Tinh hoa Bắc Bộ - show diễn thực cảnh đầu tiên tại Việt Nam. Gợi ý hoạt động du lịch hấp dẫn ở Hà Nội Đặt Ngay Bắt đầu từ 1.283.729 VND TP HCM (SGN) đi Hà Nội (HAN) Vietnam Airlines Wed, 19 Aug 2026 Đặt Ngay Bắt đầu từ 1.204.429 VND TP HCM (SGN) đi Hà Nội (HAN) Vietravel Airlines Wed, 12 Aug 2026 Đặt Ngay Bắt đầu từ 1.204.249 VND Vietravel Airlines [1]

Tìm trạm sạc VinFast tại Hoàn Kiếm, Hà Nội – Thời gian thực ➟ evcs.vn Electric Vehicle Charging Stations Bản đồ trạm sạc toàn quốc cập nhật 24/7 EVCS.VN - Trạm sạc VinFast EVCS.VN Danh sách địa chỉ được cập nhật liên tục, giúp bạn tìm trạm sạc gần nhất một cách nhanh chóng và chính xác. Các trạm sạc tại khu vực ln cận: Ba Đình: Tìm trạm sạc tại Ba Đình, Hà Nội Đống Đa: Tìm trạm sạc tại Đống Đa, Hà Nội Hai Bà Trưng: Tìm trạm sạc tại Hai Bà Trưng, Hà Nội Ty Hồ: Tìm trạm sạc tại Ty Hồ, Hà Nội [2]

Phố cổ Lịch trình tham quan và kinh nghiệm đi chi tiết Bài viết Wonderpedia Trang chủ Phố cổ Hà Nội Đặt vé VinWonders Công viên Grand Park) Thành Phố Hồ Chí Minh Vinpearl Horse Academy) VinWonders Vũ Yên) Hải Phòng VinWonders Nam Hội An) Đà Nẵng - Hội An VinWonders Cửa Hội) Công Viên Nước Hà Tĩnh) Nghệ An - Hà Tĩnh Vinpearl Theatre Ocean City) VinWonders Wave Park & Water Park) Aquafield Ocean City (Sauna & Spa)) VinKE & Vinpearl Aquarium) Grand World) Hà Nội + 5.4. + 5.5. [3]

Bảng giá vé Phố cổ Hội An 2026 cập nhật mới nhất cho du khách + Thư viện ảnh + Khám phá 3D + Video + Về Quảng Nam + Thư viện ảnh + Khám phá 3D + Video + Về Quảng Nam Giải trí Vận chuyển Mua sắm Ẩm thực Lưu trú khu du lịch Tin tức + Tour Chu Á + Tour Phú Quốc + Tour Đà Nẵng – Quảng Nam Tour Quảng Nam TourismQuảng Nam Tourism Thời tiết 10/06/2026 15:26 Bỏ qua nội dung Bạn cứ thoải mái dạo bộ, ngắm cảnh hay chụp những bức ảnh đẹp mà không bị giới hạn về thời gian. giá vé Phố cổ Hội An Phố đèn [4]"
Are service animals permitted?,"Trained service animals are permitted with valid identification, but pets are not permitted. [1]","Tại Aquarium of the Pacific, chó hỗ trợ được chào đón, tuy nhiên chúng có thể bị hạn chế tại một số khu vực nhạy cảm như Lorikeet Forest hoặc các khu vực hậu trường để đảm bảo an toàn cho động vật. [1]

Tại New York Aquarium, chó hỗ trợ phải luôn được xích hoặc đeo dây dắt và nằm dưới sự kiểm soát của người chủ; chúng có thể bị hạn chế tại các khu vực nhạy cảm hoặc khu vực có động vật dễ bị kích động. [2]

Tại National Aquarium, chó hỗ trợ đang làm nhiệm vụ được phép vào tất cả các khu vực công cộng. [3]

Các quy định về động vật hỗ trợ có thể thay đổi tùy theo từng địa điểm và chính sách cụ thể của mỗi thủy cung. Bạn nên liên hệ trực tiếp với cơ sở trước khi đến để có thông tin cập nhật nhất."
Có được chụp ảnh trong bảo tàng không?,Được chụp ảnh không dùng đèn flash ở phòng trưng bày thường trực. [1],"Thế nhưng, các bảo tàng này lại đăng những bức ảnh có độ phn giải cao trên trang web của họ về cùng một tác phẩm nghệ thuật mà du khách không được phép chụp.. Vấn đề về đèn flash Quy định cấm chụp ảnh không chỉ áp dụng ở một vài quốc gia mà thật ra là ở hầu hết các nước trên khắp thế giới. Nếu vậy, tại sao chụp ảnh thôi đôi khi cũng bị cấm, lý do đằng sau đó là còn gì? Bên cạnh đó, nó còn gy ảnh hưởng đến các loài động vật trong thuỷ cung. Quy định cấm chụp ảnh ở bảo tàng. 🏠 Tại sao 2.666 2.666 [1]

Các học sinh đã được đăng ký & có quyền chụp ảnh ở đó, nhưng cũng phải giữ khoảng cách xa những người đang viếng thăm hoặc tham dự một buổi lễ. [2]

Với mong muốn lưu giữ không gian thưởng lãm nghệ thuật trang nghiêm và bảo tồn tối ưu các hiện vật tại Bảo tàng Mỹ thuật Việt Nam, chúng tôi xin trn trọng thông báo về quy định và biểu phí dịch vụ quay phim, chụp ảnh được áp dụng từ ngày 01/02/2026 (chi tiết được cập nhật trong hình ảnh đính kèm). ​Kính gửi Quý khách tham quan, ❗️THÔNG BÁO: QUY ĐỊNH VÀ BIỂU PHÍ DỊCH VỤ QUAY PHIM, CHỤP ẢNH TẠI BẢO TÀNG MỸ THUẬT VIỆT NAM ÁP DỤNG TỪ NGÀY 01/02/2026❗️ January 31 · Bảo tàng Mỹ thuật Việt Nam .1495 [3]

Huyền Minh bạn đi xe 11 đến BX Gia Lâm bạn đi tiếp tuyến 22A đến số 1 Kim Mã bạn đi tuyến 107 có điểm dừng tại cổng bảo tàng quân sự trên đại lộ [4]"
Can I bring a large backpack into the theater?,Large backpacks must be stored in the cloakroom; small bags may be carried inside. [1],"Tại Gershwin Theatre, các vật dụng lớn như hành lý, túi mua sắm hoặc các gói đồ quá khổ không được phép mang vào bên trong và nhà hát cũng không có dịch vụ giữ đồ. [1]

Bạn nên lên kế hoạch trước nếu mang theo đồ đạc vượt quá kích thước có thể để vừa vặn tại chỗ ngồi của mình. [1]

Tất cả túi xách đều phải trải qua quá trình kiểm tra bắt buộc khi bạn đến nhà hát. [1]

Thông tin về quy định hành lý chỉ áp dụng cụ thể cho Gershwin Theatre. Nếu bạn đang hỏi về một địa điểm khác, vui lòng cung cấp tên cụ thể để tôi có thể hỗ trợ chính xác hơn."
Khu leo núi có yêu cầu đội mũ bảo hiểm không?,Người tham gia tuyến leo núi phải đội mũ bảo hiểm do ban quản lý cung cấp. [1],"Lỗi Không Đội Mũ Bảo Hiểm: Quy Định, Mức Phạt và Hướng Dẫn Chi Tiết DỊCH VỤ, Tin tức nón bảo hiểm in logo Giới Thiệu Về NORA VIDEO TIN TỨC NORA Xưởng sản xuất mũ bảo hiểm + ĐẶT GIA CÔNG MŨ BẢO HIỂM THEO YÊU CẦU + ĐẶT MŨ BẢO HIỂM THEO YÊU CẦU – GIÁ RẺ + TÚI TOTE IN LOGO + GỐI KÊ CỔ IN LOGO + ÁO MƯA IN LOGO CÔNG TY + IN ÁO THUN ĐỒNG PHỤC + MŨ BẢO HIỂM IN LOGO DỊCH VỤ + GỐI CHỮ U IN LOGO + TÚI TOTE IN LOGO + ÁO MƯA IN LOGO + ÁO THUN IN LOGO + MŨ BẢO HIỂM FULLFACE + MŨ BẢO HIỂM 3/4 IN LOGO TRANG [1]

Title: Quy định đội mũ bảo hiểm khi tham gia giao thông chuẩn xác nhất Quy định đội mũ bảo hiểm khi tham gia giao thông chuẩn xác nhất. Đội mũ bảo hiểm khi tham gia giao thông đã trở thành quy định bắt buộc cho tất cả mọi người khi điều khiển xe mô tô, xe máy. *Đội mũ bảo hiểm là quy định bắt buộc khi tham gia giao thông đường bộ*. Ngoài ra người lớn đội mũ bảo hiểm đúng luật cũng là một tấm gương cho trẻ em noi theo từ đó hình thành một nét đẹp văn hoá khi tham gia giao thông. [2]

| | Các đơn vị trực thuộc Bộ Quốc phòng (Việt Nam) ""Bộ Quốc phòng (Việt Nam)"") | | Lãnh đạo (6) | Bộ trưởng Tổng Tham mưu trưởng Chủ nhiệm Tổng cục Chính trị Thứ trưởng Phó Tổng Tham mưu trưởng Phó Chủ nhiệm Tổng cục Chính trị | | Tổng cục ""Tổng cục (tổ chức chính phủ Việt Nam)"") (6) | Bộ Tổng Tham mưu Tổng cục Chính trị Tổng cục Hậu cần Tổng cục Kỹ thuật Tổng cục Tình báo Tổng cục Công nghiệp Quốc phòng ""Tổng cục Công nghiệp Quốc phòng (Việt Nam)"") | | Qun chủng (4) | Hải qun Phòng không – [3]

Ít người biết rằng Vườn Quốc gia Cát Tiên không chỉ là thiên đường thiên nhiên mà còn là nơi cư trú lu đời của đồng bào dn tộc Mạ và Stiêng, họ là những cộng đồng đã sống gắn bó với cánh rừng này từ hàng thế kỷ. 4.6 Ghé Làng du lịch cộng đồng Tà Lài, khám phá văn hóa cộng đồng dn tộc Mạ - Stiêng Ảnh: VQG Cát Tiên Bạn hãy mang theo ống nhòm và đèn pin để có thể quan sát các loài động vật hoạt động về đêm nhé. Kinh nghiệm du lịch Vườn Quốc gia Cát Tiên 2026 từ A đến Z 22 Ảnh: Phước Tuấn Ngày 1: | [4]"
What should visitors do during a thunderstorm warning?,Visitors must leave the viewpoint and wait in the covered shelter during a thunderstorm warning. [1],"Buttermilk Falls can dwindle to a trickle during dryer conditions but with delicate streams of water cascading over the tall rock face the falls are pretty in any season. Both are multi-tiered, with the biggest drop at only 80-85′, and are hard to view in their entirety – so Buttermilk Falls is considered the tallest. Technically, there are two taller waterfalls: 250′ Greenbrook Falls and 200′ Lost Falls, located in The Palisades. So… is Buttermilk Falls the highest waterfall in New Jersey? — [1]

↑ ""Ùn tắc do khách đến quá tải, Bảo tàng Lịch sử qun sự Việt Nam ra khuyến cáo"". 22. ngày 10 tháng 11 năm 2024. Vietnamnet. ↑ ""Hơn 4 vạn khách tham quan Bảo tàng Lịch sử Qun sự, đại lộ Thăng Long ùn tắc"". 21. ngày 11 tháng 10 năm 2024. VnExpress. ↑ ""Ngày đón khách kỷ lục ở Bảo tàng Lịch sử Qun sự Việt Nam"". 20. ngày 10 tháng 11 năm 2024. VnExpress. ↑ ""30.000 khách đến Bảo tàng Lịch sử Qun sự Việt Nam sáng nay"". 19. ngày 6 tháng 4 năm 2025. Báo Dn Việt. 18. ngày 7 tháng 12 năm 2024. 17. 16. 15. [2]

Since its founding in 1970, the Eugene Saturday Market has been a cherished institution, serving as a vibrant main attraction and a cornerstone of the city’s rich cultural and artistic tradition. 0 Years & Counting! > 0 K Annual Visitors 0 + Members Marketplace • Community • Celebration A Eugene Tradition Upcoming Markets Market History Details & Map Saturday Market The Saturday Market is in it’s 57th Season! America's longest-running open-air craft market! Who We Are Live Music Food Court T.D. [3]

Giá Tour Trẻ Em 2026: Cách Tính Chuẩn Khi Đi Outbound Giá Tour Trẻ Em 2026: Cách Tính Chuẩn Khi Đi Outbound 17:44:35 11-02-2026) Hoang Thinh Dong Trẻ em tính giá tour như thế nào (2026)? Cách hiểu đúng theo độ tuổi, giường phòng và vé máy bay để gia đình chốt ngn sách “không phát sinh” Bài này viết theo kiểu bố mẹ có thể gửi vào nhóm chat gia đình để cùng thống nhất. Lưu ý thẳng thắn (2026): Không có “một luật chung” áp dụng cho mọi tour. Nó kéo theo ít nhất 4 quyết định lớn: | Đi tour 5 ngày. [4]"
Có được mang thú cưng vào khu di tích không?,"Thú cưng không được phép vào khu di tích, trừ động vật hỗ trợ đã đăng ký. [1]","Hà Nội miễn phí vé tham quan tại tất cả di tích lịch sử cho trẻ em dưới 16 tuổi. 17-18 tuổi mà vẫn đòi được miễn phí nữa 1y [1]

Với tấm vé tham quan Phố Cổ Hội An trị giá 80.000 VNĐ - 120.000 VNĐ, du khách có thể tự chọn 5 điểm tham quan trong danh sách di tích mở cửa, không bắt buộc [2]

Apr 19, 2025 — Như vậy, theo quy định tại Thông tư 182/2016/TT-BTC có quy định thì đối với trẻ em dưới 6 tuổi sẽ được miễn phí vé tham quan Dinh Độc Lập. Ngoài ...Read more [3]

Lần đầu đi chơi trong bốn ngày: mỗi ngày một công viên. Mình định đến công viên từ lúc mở cửa, rồi rời đi vào bữa [4]"
Is swimming allowed at the lake?,Swimming is prohibited because the lake has strong currents and no lifeguard service. [1],"Hiện tại không có thông tin xác nhận về việc liệu có được phép bơi lội tại các hồ hay không trong các nguồn dữ liệu được cung cấp. [1][2][3][4][5]

Tại khu vực Zapata Falls, du khách cần đi bộ qua một con suối để vào hang, nước ở đây là nước tan từ tuyết và rất lạnh. [3]

Các nguồn dữ liệu hiện có không đề cập trực tiếp đến quy định bơi lội tại các hồ cụ thể. Đối với Zapata Falls, thông tin chỉ đề cập đến việc đi bộ qua suối để tiếp cận thác nước chứ không phải hoạt động bơi lội."
Nếu làm mất vé điện tử thì phải làm gì?,"Nếu mất vé điện tử, khách có thể xuất trình hộ chiếu hoặc email xác nhận để được tra cứu. [1]","Trải nghiệm làm workshop thủ công cực thú vị mà bạn nhất định phải thử Sài Gòn cuối tuần đi đu? top of page 7 phút đọc Đã cập nhật: 14 thg 7, 2025 Sài Gòn cuối tuần đi đu để vừa thư giãn vừa có một hoạt động thật ý nghĩa? Cu trả lời chính là tham gia các buổi workshop thủ công sẽ giúp bạn có một ngày cuối tuần thật đáng nhớ. Workshop thủ công không chỉ giúp bạn tăng tính sáng tạo mà còn mang đến cho bạn những dấu ấn riêng. 1. Workshop thủ công là gì? 2. Làm gốm – Nghệ thuật từ đôi tay xinh xắn [1]

zalo Hải Hệ thống bên Happy smile có 3 cửa hàng trong phố cổ Hội An và môi trường làm việc như video bên dưới. Reels [2]

Phố cổ Hội An thường phần lớn nhà của dân, sát liền nhau. Ko có chổ công cộng làm sao cho đi vệ sinh miễn phí được, họ phải thuê người dọn ...Read more [3]

Dec 24, 2024 — Giờ mở cửa: 5h30 – 22h00 hàng ngày. Vườn Bách Thảo giá vé: 2.000 VNĐ. Cổng chính: Số 3, đường Hoàng Hoa Thám, Ba Đình. Cổng phụ nằm ở số ...Read more [4]"
Are drones allowed over the historic district?,Drones are not allowed without a permit from the city authority. [1],"Tại California, máy bay không người lái (drone) được phép hoạt động trong các Công viên Tiểu bang, Bãi biển Tiểu bang, Công viên Lịch sử Tiểu bang, Khu giải trí Tiểu bang và Khu giải trí phương tiện Tiểu bang, trừ khi có lệnh cấm cụ thể từ Giám đốc Khu vực. [1][2]

Các quy định về drone tại địa phương có thể khác nhau tùy theo từng thành phố hoặc quận, vì vậy bạn nên kiểm tra các sắc lệnh địa phương trước khi bay. [2]

Việc sử dụng drone để xâm phạm quyền riêng tư bằng cách ghi hình người khác trong không gian riêng tư mà không có sự đồng ý là hành vi bị cấm và có thể chịu mức phạt dân sự đáng kể. [1][2]

Nguồn cung cấp thông tin về quy định drone tại California nhưng không đề cập cụ thể đến một 'khu lịch sử' (historic district) nào ngoài các Công viên Lịch sử Tiểu bang (State Historic Parks). Nếu bạn đang hỏi về một địa điểm cụ thể khác ngoài hệ thống công viên của California, thông tin này có thể không áp dụng trực tiếp."
Có quy định trang phục khi vào đền không?,Khách vào đền cần mặc trang phục che vai và đầu gối. [1],"Khi đi chùa, bạn nên lựa chọn trang phục đơn giản, trang nhã và lịch sự để thể hiện sự tôn trọng. [1]

Đối với nam giới, trang phục phù hợp thường là quần tây hoặc quần jeans kết hợp cùng áo sơ mi. [1]

Bạn nên ưu tiên các trang phục có màu sắc nhã nhặn và tông màu trung tính như trắng, đen, vàng nhạt, nâu, xanh dương hoặc xanh lá. [2]

Các nguồn cung cấp thông tin về trang phục khi đi chùa mang tính chất khuyến nghị chung về văn hóa và tôn giáo, không phải là quy định pháp luật bắt buộc cho mọi ngôi đền hay chùa cụ thể."
What emergency number is posted at the trail?,The trail emergency number is 115. [1],"Các nguồn dữ liệu hiện có không cung cấp thông tin về khẩn cấp được niêm yết tại đường mòn. [1]

Thông tin về số điện thoại khẩn cấp tại đường mòn không được đề cập trong các tài liệu được cung cấp."
Mùa nào thích hợp nhất để ngắm ruộng bậc thang?,Tháng 9 và tháng 10 thường là thời điểm ruộng bậc thang vào mùa lúa chín. [1],"Hiện tại, các nguồn thông tin được cung cấp không đề cập đến thời điểm thích hợp nhất để ngắm ruộng bậc thang. [1][2][3][4][5]

Dữ liệu hiện có không chứa thông tin về mùa du lịch ruộng bậc thang."
Is the coastal trail windy in December?,"The coastal trail is usually windy in December, especially in the afternoon. [1]","Việc đi bộ trên cung đường Lost Coast Trail vào tháng 12 có thể gặp khó khăn do các cơn bão đến gần, gây ngập lụt các con lạch và chia cắt tuyến đường ven biển. [1]

Nguồn cung cấp thông tin về thời tiết tháng 12 tại Lost Coast Trail chủ yếu cảnh báo về các hiện tượng thời tiết cực đoan như bão và lũ lụt, nhưng không mô tả cụ thể về mức độ gió."
Mùa mưa ở khu vực này thường kéo dài bao lâu?,"Mùa mưa thường kéo dài từ tháng 5 đến tháng 11, mưa lớn nhất vào tháng 8. [1]","Tại Hà Nội, mùa hè bắt đầu từ khoảng tháng 5 và kéo dài đến giữa tháng 8, đây là thời điểm thường xuyên xuất hiện những cơn mưa dông bất chợt đi kèm với nắng nóng gay gắt. [1]

Thông tin về mùa mưa chỉ được cung cấp cụ thể cho khu vực Hà Nội. Nếu bạn đang hỏi về một địa danh khác, vui lòng cung cấp tên địa điểm để tôi có thể hỗ trợ chính xác hơn."
What temperature range should hikers expect in spring?,Spring daytime temperatures on the trail are typically 18–24°C. [1],"Các nguồn dữ liệu hiện có không cung cấp thông tin về phạm vi nhiệt độ mà du khách có thể mong đợi khi đi bộ đường dài vào mùa xuân. [1][2][3][4][5]

Thông tin về phạm vi nhiệt độ cho hoạt động đi bộ đường dài vào mùa xuân không được đề cập trong các tài liệu được cung cấp."
Có cần mang áo mưa khi đi rừng buổi sáng không?,Nên mang áo mưa nhẹ vì mưa rào buổi sáng có thể xảy ra quanh năm. [1],"Khi đi rừng, bạn nên mang theo áo mưa và để ở vị trí dễ lấy nhất để có thể sử dụng ngay khi cần thiết. [1]

Áo mưa là vật dụng cần thiết khi trời mưa, tuy nhiên khả năng chống chịu của từng loại áo sẽ khác nhau tùy thuộc vào độ dày mỏng và điều kiện thời tiết cụ thể. [2][3]

Các nguồn cung cấp không nêu cụ thể về việc thời tiết buổi sáng trong rừng có chắc chắn mưa hay không, nhưng khuyến nghị chuẩn bị sẵn sàng là cần thiết cho các hoạt động trekking."
When is the best time for clear sunset views?,Clear sunset views are most common from late November through February. [1],"Tại Florida, bạn có thể ngắm hoàng hôn từ hầu hết mọi địa điểm nhờ địa hình bằng phẳng và bầu trời rộng lớn. [1]

Để có tầm nhìn hoàng hôn không bị che khuất ra phía chân trời đại dương, bạn nên chọn các địa điểm ở bờ biển phía Tây Florida như Indian Shores. [1]

Thời gian mặt trời lặn tại Florida thay đổi theo từng ngày và phụ thuộc vào vị trí địa lý cụ thể của bạn. [1]

Thông tin về thời gian mặt trời lặn cụ thể chỉ mang tính chất tham khảo dựa trên khu vực Naples, Florida và có thể thay đổi tùy theo vị trí chính xác của du khách."
Thời tiết trên đỉnh núi có lạnh hơn dưới chân núi không?,Nhiệt độ trên đỉnh thường thấp hơn khoảng 5–8°C. [1],"Thông thường, nhiệt độ trên các đỉnh núi cao sẽ thấp hơn so với khu vực dưới chân núi, ví dụ như đỉnh Fansipan với độ cao hơn 3.000 mét so với mực nước biển có khí hậu mát mẻ hơn khu vực dưới chân núi. [1]

Tại các đỉnh núi cực cao như đỉnh Everest, nhiệt độ có thể duy trì ở mức rất thấp, từ âm 35 đến âm 40 độ C, thậm chí có thể xuống tới âm 70 độ C do gió lạnh. [2]

Thông tin về sự chênh lệch nhiệt độ giữa đỉnh núi và chân núi mang tính chất tổng quát dựa trên các ví dụ cụ thể, không phải là quy luật vật lý chi tiết cho mọi địa hình."
Does the monsoon affect ferry schedules?,The monsoon can delay or suspend ferries when wind warnings reach level 6. [1],"Tại quần đảo Andaman, mùa gió mùa (từ tháng 6 đến tháng 9) không làm ngừng hoàn toàn các chuyến phà nhưng gây ra sự gián đoạn đáng kể. [1]

Trong mùa gió mùa, các đơn vị vận hành phà tại Andaman thường thực hiện việc hợp nhất hoặc hủy bỏ các chuyến đi vào buổi chiều do điều kiện biển động. [1]

Mức độ ảnh hưởng của thời tiết đến lịch trình phà phụ thuộc vào từng đơn vị vận hành cụ thể tại Andaman. [1]

Thông tin về ảnh hưởng của gió mùa đến lịch trình phà chỉ được xác nhận cho khu vực quần đảo Andaman. Các địa danh khác không được đề cập trong nguồn dữ liệu liên quan đến vấn đề này."
Tháng 4 có phải mùa cao điểm ở phố cổ không?,"Tháng 4 được xem là mùa cao điểm, đặc biệt vào cuối tuần và dịp lễ. [1]","Nếu bạn không có quá nhiều thời gian để vi vu hết phố cổ Hà Nội thì một lịch trình du ngoạn chi tiết chắc chắn là điều bạn cần phải chuẩn bị ngay đấy! Lịch trình du lịch phố cổ Hà Nội tham khảo Khách sạn 5 sao Hà Nội có phòng họp Khách sạn 3 sao Hà Nội Khách sạn 4 sao Hà Nội Khách sạn 5 sao Hà Nội Một số danh mục khách sạn tại đy mà bạn không nên bỏ qua gồm: Đặt Ngay 1.382.613 VND 1.418.635 VND 9 Hàng Muối, Lý Thái Tổ, Quận Hoàn Kiếm, Hà Nội, Việt Nam 8.8/10 Hanoi Fiesta Hotel and Spa Đặt Ngay [1]

Thời điểm ít khách du lịch:Nếu bạn muốn tận hưởng một không gian yên tĩnh và thư giãn, mùa mưa từ tháng 9 đến tháng 12 là thời gian thích hợp, khi số lượng khách du lịch ít hơn, giúp bạn thoải mái khám phá mọi ngóc ngách của phố cổ Hội An mà không bị chen lấn. trải nghiệm tại phố cổ hội an, phố cổ hội an đà nẵng, du lịch phố cổ hội an, du lịch hội an, hội an Lưu ý chọn thời gian du lịch phố cổ Hội An (Ảnh: Sưu tầm) AnAnantara Hoi An Resort (Ảnh: Sưu tầm) Những lưu ý khi du lịch phố cổ Hội An 7. [2]

Ba tháng đầu năm là thời gian lý tưởng nhất để rong chơi tại Hội An khi nắng không quá gắt, trời mát mẻ, thi thoảng có mưa nhỏ. Mỗi mùa phố cổ lại có những nét đẹp riêng. Khí hậu Hội An đan xen khí hậu giữa miền Nam và miền Bắc, rõ rệt mùa mưa và mùa khô. Hội An mùa nào đẹp? Nhắc tới Hội An là phải kể tới các dãy nhà cổ màu vàng nghệ, dòng sông lung linh hoa đăng khi đêm xuống, hay những món ăn ngon giá bình dn. Tháng 7 vẫn đang là mùa khô. Thứ ba, 15/3/2022, 07:19 (GMT+7) Cẩm nang Du lịch Du [3]

Du khách muốn khám phá trọn vẹn, hãy cập nhật giá vé phố cổ Hội An để biết điểm nào cần mua vé, điểm nào free và giá vé bao nhiêu để có sự chuẩn bị. Hội An không phải là một điểm đến miễn phí hoàn toàn mà vẫn có thu vé ở một số điểm, hạng mục nhất định. Tuyết Nhi Bảng giá vé Phố cổ Hội An 2026 cập nhật mới nhất cho du khách + Thư viện ảnh + Khám phá 3D + Video + Về Quảng Nam + Thư viện ảnh + Khám phá 3D + Video + Về Quảng Nam Giải trí Vận chuyển Mua sắm Ẩm thực Lưu trú khu du lịch Tin tức Tour [4]"
How much rainfall is typical during the wettest month?,The wettest month averages about 280 mm of rainfall. [1],"Các nguồn dữ liệu được cung cấp không chứa thông tin về lượng mưa điển hình trong tháng có lượng mưa cao nhất. [1][2][3][4][5]

Các nguồn dữ liệu hiện có không đề cập đến dữ liệu khí tượng hoặc lượng mưa cụ thể cho bất kỳ địa điểm nào."
Đặc sản nào nên thử ở chợ trung tâm?,"Ở chợ trung tâm nên thử bún cá, bánh xèo và chè đậu xanh. [1]","Tại khu vực chợ Hội An, bạn nhất định nên thử món cao lầu, đặc biệt là quán cao lầu bà Bé nằm ngay đầu chợ. [1]

Các khu chợ đêm tại Hội An cũng là nơi lý tưởng để thưởng thức đa dạng các món ăn truyền thống và ăn vặt như chè, bánh xèo, bánh bèo, nem lụi, bánh đậu xanh và bánh ít lá gai. [2]

Nguồn dữ liệu không đề cập cụ thể đến danh xưng 'chợ trung tâm', tuy nhiên các thông tin trên đề cập đến ẩm thực tại chợ Hội An và các khu chợ đêm phổ biến tại đây."
Which local dish is vegetarian-friendly?,The tofu rice noodles are vegetarian-friendly and use a vegetable broth. [1],"Tại Portland Saturday Market, bạn có thể thưởng thức các món ăn chay như pierogi tại Taste of Poland hoặc các món cuốn tại Angelina’s Greek Gyros. [1]

Ngoài ra, chợ còn phục vụ các món tráng miệng thuần chay như bánh elephant ears và funnel cakes tại PDX Original Elephant Ears. [1]"
Lễ hội đèn lồng diễn ra vào ngày nào?,"Lễ hội đèn lồng diễn ra vào đêm rằm, từ 18:00 đến 22:00. [1]","Lễ hội đèn lồng Trung Quốc diễn ra vào ngày 15 tháng Giêng hàng năm. [1]

Lễ hội đèn lồng tại thành phố Jinju, tỉnh Gyeongsangnam-do (Hàn Quốc) được tổ chức vào tháng 10 hàng năm. [2]

Lễ hội đèn lồng tại suối Cheonggyecheon (Hàn Quốc) diễn ra vào tháng 11 hàng năm, kéo dài từ thứ Sáu tuần đầu tiên đến Chủ nhật tuần thứ ba. [3]

Các nguồn dữ liệu cung cấp thông tin về các lễ hội đèn lồng khác nhau tại các địa điểm khác nhau (Trung Quốc và Hàn Quốc), không phải là một lễ hội duy nhất. Thông tin về lễ hội đèn lồng tại Hội An không được đề cập cụ thể về thời gian tổ chức trong các nguồn được cung cấp."
What time does the riverside music show start?,The riverside music show starts at 19:30 every Friday and Saturday. [1],"Hiện tại, các nguồn thông tin được cung cấp không đề cập đến bất kỳ chương trình biểu diễn âm nhạc nào có tên là 'riverside music show'. [1][2]

Dữ liệu hiện có chỉ liệt kê lịch trình các buổi hòa nhạc và sự kiện cụ thể tại Riverside Municipal Auditorium và các địa điểm khác, nhưng không có sự kiện nào mang tên 'riverside music show'."
Quán ăn này có nhận đặt bàn trước không?,Nhà hàng nhận đặt bàn trước qua điện thoại và giữ bàn tối đa 15 phút. [1],"Hiện tại, các nguồn thông tin được cung cấp không đề cập đến việc quán ăn nào có nhận đặt bàn trước hay không. [1][2][3][4][5]

Dữ liệu hiện có không chứa thông tin về các quán ăn hoặc chính sách đặt bàn của bất kỳ cơ sở kinh doanh ẩm thực nào."
Is the night market cash-only?,Most night-market stalls accept cash; only the food hall accepts cards. [1],"Các nguồn thông tin hiện có không đề cập cụ thể liệu Portland Saturday Market có chỉ chấp nhận thanh toán bằng tiền mặt hay không. [1][2][3]

Thông tin về phương thức thanh toán (tiền mặt hay thẻ) tại Portland Saturday Market không được nêu rõ trong các tài liệu được cung cấp."
Có hoạt động nào cho trẻ em vào cuối tuần không?,"Cuối tuần có lớp làm gốm cho trẻ em lúc 10:00 và 14:00, cần đăng ký trước. [1]","Khu vui chơi này có rất nhiều hoạt động đặc biệt dành cho trẻ em, từ thủy cung siêu rộng cho đến khu vui chơi trong nhà với đủ các trò chơi như xe điện đụng, tập làm lính cứu hỏa… Ở Times City có hẳn một khu vui chơi giải trí dành cho trẻ em rộng tới 10.000m2 có tên là VinKE. Địa chỉ: số 458 Minh Khai, Vĩnh Tuy, Hai Bà Trưng, Hà Nội Times City 2. Công viên nước hồ Ty Địa chỉ: 614 Lạc Long Qun, Nhật Tn, Ty Hồ, Hà Nội Công viên nước Hồ Ty 1. Tini World Địa chỉ: Cuộc sống muôn màu + Kênh Youtube [1]

Nếu nhà mình có bé 2-12 tuổi và đang cn nhắc đi tour nước ngoài, cu “trẻ em tính giá tour như thế nào” thường là điểm then chốt để cả gia đình quyết được: đi nước nào, ở phòng gì, chọn lịch trình nhẹ hay dày, và tổng ngn sách có “vượt trần” không. Cách hiểu đúng theo độ tuổi, giường phòng và vé máy bay để gia đình chốt ngn sách “không phát sinh” Trẻ em tính giá tour như thế nào (2026)? 17:44:35 11-02-2026) Hoang Thinh Dong Giá Tour Trẻ Em 2026: Cách Tính Chuẩn Khi Đi Outbound | Đi tour 5 ngày. [2]

Đi hơn 200km đưa gia đình đến chơi công viên Thủ Lệ vui dịp nghỉ lễ Thời sự PhotoNews Báo điện tử Dn trí - Tin tức cập nhật liên tục 24/7 Sáng nay, Hà Nội đón nắng nhẹ, gió mát, thời tiết phù hợp cho các hoạt động ngoài trời. Nhiều gia đình từ khắp nơi đưa con nhỏ đến công viên Thủ Lệ, vui chơi, tận hưởng kỳ nghỉ 30/4 và 1/5. Xung quanh khu chuồng voi, đông kín trẻ nhỏ đứng xem, háo hức dõi theo từng chuyển động của con vật khổng lồ. ""Gia đình ưu tiên đưa con ra ngoài trong những ngày nghỉ. 1. [3]

VÁN CƠ KỲ THÚ TỶ PHÚ TRẢI NGHIỆM TẠI VINKE & THỦY CUNG TIMES CITY Mùa hè này, các bé sẽ được khám phá hàng loạt hoạt động mới: Bubble Party, Carnival Đại Dương, ...Read more [4]"
When is the weekly farmers' market held?,The farmers' market is held every Sunday from 06:00 to 11:00 at Market Square. [1],"Tại Portland, Portland Saturday Market diễn ra vào mỗi thứ Bảy hàng tuần từ tháng 3 đến ngày 24 tháng 12. [1]

Tại Quận Cam (Orange County), có nhiều chợ nông sản (farmers' market) được tổ chức vào các ngày khác nhau trong tuần, bao gồm cả các phiên chợ vào Chủ nhật tại Garden Grove, Irvine, Ladera Ranch, Laguna Niguel và San Clemente. [2]

Thông tin về lịch hoạt động của các chợ nông sản phụ thuộc vào địa điểm cụ thể mà bạn quan tâm, vì mỗi khu vực có lịch trình riêng biệt. Nguồn cung cấp thông tin về chợ tại Portland và Quận Cam, nhưng không liệt kê lịch trình cho tất cả các thành phố khác."
Món ăn có thể điều chỉnh độ cay không?,Quán có thể điều chỉnh độ cay theo yêu cầu. [1],"Tại các nhà hàng châu Á, bạn hoàn toàn có thể yêu cầu điều chỉnh độ cay của món ăn cho phù hợp với khẩu vị cá nhân. [1]

Thông tin về việc điều chỉnh độ cay chỉ mang tính chất tham khảo chung cho các nhà hàng châu Á, không áp dụng cụ thể cho một nhà hàng hay địa điểm du lịch nào được nhắc đến trong nguồn dữ liệu."
Does the cultural center host a dance performance tonight?,The cultural center hosts a traditional dance performance tonight at 20:00 in Hall B. [1],"Thông tin về các buổi biểu diễn tại các trung tâm văn hóa phụ thuộc vào địa điểm cụ thể mà bạn đang quan tâm, vì các nguồn dữ liệu đề cập đến nhiều trung tâm khác nhau. [1][2][3]

Tại The Cultural Arts Center ở Glen Allen, không có buổi biểu diễn múa nào được liệt kê cụ thể cho tối nay (ngày 14 tháng 8 năm 2026). [2]

The Cedar Cultural Center có lịch trình biểu diễn âm nhạc trong tháng 8 và tháng 9 năm 2026, nhưng không đề cập đến buổi biểu diễn múa nào vào tối nay. [1]

Lakewood Cultural Center tại Colorado có tổ chức các lớp học và biểu diễn múa, tuy nhiên nguồn không cung cấp lịch trình chi tiết cho tối nay. [3]

Các nguồn dữ liệu không cung cấp thông tin thời gian thực cho tối nay tại tất cả các địa điểm. Vui lòng kiểm tra trang web chính thức của từng trung tâm để có thông tin cập nhật nhất."
Giờ mở cửa hiện tại của khu triển lãm là mấy giờ?,Các nguồn ghi giờ mở cửa khác nhau: 08:00 và 09:00. [1][2],"Được mệnh danh là “Đại dương thu nhỏ giữa lòng thủ đô”, hãy cùng khám phá những trải nghiệm đầy diệu kỳ tại đy cũng như giá vé, giờ mở cửa Thủy cung Times City trong bài viết dưới đy nhé! Với du khách đến du lịch Hà Nội hay những cư dn của thủ đô, Thủy cung Times City là điểm vui chơi không thể bỏ qua. Thế giới đại dương đầy sắc màu tại Thuỷ cung Times City thuỷ cung times city hà nội Ghé VinKE cùng bé vừa chơi vừa học + 3.4. Khám phá khu vực cá nước ngọt và nước mặn + 3.3. + 3.2. + 3.1. 3. 2. [1]

Bamboo Airways cũng có một lưu ý dành cho bạn là Mót Hội An chỉ mở cửa từ đầu giờ chiều nên bạn hãy sắp xếp thời gian hợp lý để nhm nhi được loại thức uống mang đầy tính nghệ thuật này nhé. tất cả như kết hợp cùng với nhau tạo nên cảm giác thn thuộc cho du khách đến từ mọi miền Tổ quốc. Ngoài ra Mót Hội An còn được trang trí bởi những đồ vật cũ kỹ mang tính hoài niệm và vô cùng đáng yêu như bát sứ, đèn dầu, mẹt tre,... Cơm gà bà Buội: 22 Phan Chu Trinh, Hội An Trà thảo mộc Hội An (nước mót) 1. [2]

Bên cạnh khu nước ngọt, khu vực cá nước mặn được đánh giá là nơi đẹp nhất tại Thủy Cung Times City. Hai bên đường đi là các bể nước ngọt với rất nhiều loại cá, đa dạng về chủng loại và màu sắc như cá hải tượng, cá sấu hỏa tiễn, cá dĩa, cá chép Koi, cá chép phụng,... Không gian tại đy được tạo dựng mô phỏng theo khu rừng nhiệt đới ẩm, khiến du khách có cảm giác như lạc vào khu rừng Amazon vừa hùng vĩ, vừa kỳ bí tại Nam Mỹ với những sinh vật và rừng nguyên sinh bao quanh. 3. 2. 1. 3. 2. 1. Kết [3]

Giờ mở cửa: MÙA HÈ: Từ 01 tháng 4 đến 31 tháng 10 Sáng : Từ 7h30 đến 11h Chiều: Từ 13h30 đến 16h00. Từ 8h00 đến 11h00 [4]"
Which ticket price should I trust?,"The sources conflict: one lists 80,000 VND and another lists 90,000 VND. [1][2]","Funds are collected by the City of Virginia Beach, which supports the Virginia Aquarium and City infrastructure. It was determined by the City of Virginia Beach that this modest fee, charged only during peak season between April 1 and October 31, could help offset the costs of maintaining our current parking lots and the lease payments to the State for the use of the property. See more about our parking rates and procedures here . Members park for free year-round. How much is parking? Yes! Yes! [1]

What is the bag policy for Broadway theaters? Frequently Asked Questions Navigation Theaters will not allow guests to check bags and will not hold them during the performance. Related Questions When should I arrive for my show? It's best to arrive at least 30 minutes before the show's scheduled start time. This should allow you enough time to get through security, find your seats, and familiarize yourself with the theater. Can I bring food or drinks? No. What if I arrive late? Customer Support [2]

[{""postType"":""FAQ"",""postID"":3983,""catID"":15,""title"":""What security measures are in place?""},{""postType"":""FAQ"",""postID"":3640,""catID"":16,""title"":""Is Larch Restaurant located in Sky Garden?""},{""postType"":""FAQ"",""postID"":3347,""catID"":20,""title"":""Do I need physical ID to access Sky Garden?""},{""postType"":""FAQ"",""postID"":3221,""catID"":12,""title"":""Do I have to queue with a free public access ticket?""},{""postType"":""FAQ"",""postID"":2857,""catID"":20,""title"":""Do you accept [3]

Travel from Cairns to Green Island on a 45‑minute air‑conditioned catamaran. Enjoy up to 7 hours on the island, use of the day facilities and pool access [4]"
Giờ mở cửa là gì?,Địa điểm mở cửa từ 10 giờ sáng đến 6 giờ tối. [1],"Cẩm nang du lịch Sài Gòn với 25 địa điểm nổi tiếng 10 Các tín đồ du lịch vẫn thường hay gọi tòa nhà bảo tàng là Nhà Rồng và bến cảng ở ngay bên cạnh là Bến Nhà Rồng. Hiện nay, Bến Nhà Rồng có bốn khu vực chính là Bảo tàng Hồ Chí Minh, tượng đài Bác Hồ, khuôn viên bến cảng và đài phun nước. Sau khi chiến tranh miền Nam kết thúc, Bến Nhà Rồng đã được tu sửa và cải tạo lại công trình. Đây là điểm tham quan gắn liền với câu chuyện đi tìm đường cứu nước của Chủ tịch Hồ Chí Minh. HCM HCM HCM HCM HCM [1]

Được mệnh danh là “Đại dương thu nhỏ giữa lòng thủ đô”, hãy cùng khám phá những trải nghiệm đầy diệu kỳ tại đy cũng như giá vé, giờ mở cửa Thủy cung Times City trong bài viết dưới đy nhé! Với du khách đến du lịch Hà Nội hay những cư dn của thủ đô, Thủy cung Times City là điểm vui chơi không thể bỏ qua. Thế giới đại dương đầy sắc màu tại Thuỷ cung Times City thuỷ cung times city hà nội Ghé VinKE cùng bé vừa chơi vừa học + 3.4. Khám phá khu vực cá nước ngọt và nước mặn + 3.3. + 3.2. + 3.1. 3. 2. [2]

[Cập nhật] TOP 25+ địa điểm du lịch Trung Quốc hút khách nhất 18166 Views Sở hữu diện tích rộng lớn cùng nền văn minh rực rỡ hơn 5000 năm lịch sử, Trung Quốc nổi tiếng với các công trình kiến trúc ấn tượng từ cổ đại đến hiện đại và không ít những danh lam thắng cảnh sơn thủy hữu tình. Cùng khám phá top 25+ địa điểm du lịch Trung Quốc hút khách nhất ngay sau đy! Mục lục bài viết 1. Vạn Lý Trường Thành - Địa điểm du lịch Trung Quốc nổi tiếng nhất 2. Tử Cấm Thành 3. 4. Thập Tam Lăng 5. 6. Dự Viên [3]

Nov 6, 2025 — Giờ mở cửa: 5:30 - 22:00 mỗi ngày; Giá vé: 5. VNĐ. Vườn Bách Thảo mở cửa rất sớm từ 5h - 22h (Ảnh: sưu tầm). Giá vé vườn Bách ...Read more [4]"
Where is the station?,"The train station is south of the central square, 500 m from the hotel. [1]","Usually, you would want to head west to watch a sunset so that you can see out to the horizon in the ocean - but the great thing about Florida is that it's quite flat, so has huge skies. Watching the sunset from the perfect spot - be it sat on the beach, cocktail in hand, from a romantic table in a fine restaurant, or from the poolside in your rental - here are our recommendations on the best places to view the perfect sunset in Florida. The perfect way to round off the day? Indian Shores [1]

This short hike can be combined with the South Zapata Lake Trail, which is a nearly 10 mile round trip steep trail. Notes The water from the creek never joins another stream as it disappears underground when it reaches the valley. The waterfall is a geologic wonder. Zebulon Pike and his exploring team camped near South Zapata Creek where it flows into the San Luis Valley in January 1807. Significance VISIT ALAMOSA NEWSLETTER SIGN UP Go to the homepage Do Colorado Right Coalition logo Explore [2]

Pictured below is The Citadel’s swimming pool prior to the 1976 construction of Deas Hall, where the present pool is located. Old Citadel Pool Sarah Fick of Charleston, 2013 © Do Not Use Without Written Consent The sword gates recently were reproduced again by a graduate of the American College of Building Arts in Charleston and adorn the plaza at Johnson Hagood Stadium. It was at the northwest corner of the campus, next to the steam plant and across the street from the yacht club. I.S.H. St. [3]

Getting to Green Island from Cairns is one of the simplest reef day trips you can plan. Book Your Green Island Day Trip The team at the Reef Info Visitor Centre on Abbott Street in Cairns can also help if you want advice on which Green Island package suits your group. If this is your first trip to the reef area, our first-timer’s guide to the Great Barrier Reef covers broader planning tips including what to expect on the water, sun protection, and how to choose between reef experiences. Back [4]"
Nguồn nào nói đúng về việc có thang máy?,"Các nguồn mâu thuẫn về thang máy: một nguồn nói có đến tầng ba, nguồn kia nói không có. [1][2]","Nhưng đừng vội cho rằng Việt Nam mình không còn những khu rừng sinh thái đẹp ngút ngàn nhé, có thể nói, kho tàng sống ảo cực chất nằm ẩn bên trong những khu vườn quốc gia Việt Nam này đấy! Nghe đến vườn quốc gia, nhiều bạn sẽ kể được những cái tên quen thuộc như vườn quốc gia Cúc Phương, Ba Vì, Bạch Mã hay Nam Cát Tiên thôi. Đọc trong khoảng 21 phút Traveloka VN 10 vườn quốc gia đẹp ngút ngàn tại Việt Nam / destinations Khách sạnVé máy bayVé xe kháchĐưa đón sn bayCho thuê xeHoạt động & Vui chơi [1]

Nếu đi bằng xe máy hoặc ô tô cá nhn thì từ các quận trong Thành phố Hồ Chí Minh, bạn tìm đường ra Xa lộ Hà Nội và tiếp tục đi thẳng theo quốc lộ 1A về hướng tỉnh Đồng Nai. 3.1 Đến VQG Cát Tiên bằng phương tiện cá nhn Bạn có thể tự do lựa chọn phương tiện di chuyển như xe ô tô tự lái, xe khách hoặc phượt bằng xe máy tùy theo nhu cầu và sở thích. Nếu xuất phát từ Thành phố Hồ Chí Minh, bạn sẽ mất khoảng 4 tiếng để di chuyển đến Vườn Quốc gia Cát Tiên. Ảnh: VQG Cát Tiên Ảnh: Google Maps | Ảnh: BTC [2]

Nhưng dù đi đu, việc hiểu cách tính giá trẻ em vẫn là bước đầu để chọn đúng tour phù hợp kỳ vọng. Thực tế, các điểm đến “dễ đi lần đầu” với gia đình có bé thường là nơi có bay ngắn (từ 2-4 giờ), hạ tầng tốt, điểm vui chơi cho trẻ rõ ràng như Singapore, Thái Lan, Bali. Nhịp lịch trình: bé càng nhỏ, càng cần lịch trình nhẹ, có thời gian nghỉ - nếu tour dày điểm, bé dễ mệt, phát sinh nhu cầu nghỉ giữa chừng, ảnh hưởng trải nghiệm cả nhà. Nó kéo theo ít nhất 4 quyết định lớn: | Đi tour 5 ngày. [3]

Giá vé và Kinh nghiệm du lịch vườn quốc gia Cúc Phương Hotel Hidden Charm + Deutsch + 한국어 + Français + English + Tiếng Việt Tiếng Việt (/cdn-cgi/l/email-protection2b42454d446b43424f4f4e4548434a5946594e5844595f b) +84 91 474 3322 Ninh Bình Hidden Charm Hotel & Resort Hotel Hidden Charm Từ tháng 11 đến tháng 1 năm sau là khoảng thời gian khá lạnh ở miền Bắc, dịp này thì cũng không nên đi vào rừng. Giữa tháng 4 đầu tháng 5 là mùa bướm rừng ở Cúc Phương. Rất thú vị! Hang động SHARE Góc Thông Tin [4]"
Do both sources confirm the ferry departure time?,The sources do not agree: departure is listed as 07:30 and 08:00. [1][2],"Whether you’re planning a full-day island trip or a shorter half-day visit, this guide covers departure points, travel time, transport options, and how to choose between a basic ferry transfer and an all-inclusive tour package. Ferries and tour boats run multiple times a day, the crossing takes under an hour, and you can be snorkelling on the Great Barrier Reef by mid-morning. Green Island is one of the easiest reef islands to reach from Cairns. How to Get to Green Island from Cairns Back [1]

We are a federally-recognized 501(c)(3) nonprofit that works to preserve the history of South Carolina’s historic, natural, and cultural landmarks before they are lost to time. ABOUT US Footer Leave a Reply Cancel reply Reply I am searching for information and pictures of the people, by whose labor, the Old Citadel was built. Verde Fisher says 2. Reply Why did I not go to the Citadel? Matthew Ameika says 1. Comments Reader Interactions Thank you! Each donation helps – and it only takes a [2]

It is a ‘vehicle shaker’ with lots of bumps in the road, so plan on extra time and slow speeds. Passenger cars are fine, as there is no problem with clearance. The road is a rough gravel surface and steep for 3 miles to the parking lot. The sign and road for Zapata Falls will be on your right. Take a left turn and drive north for 10.5 miles on Colorado 150. From Alamosa, drive US 160 East for 15 miles and see the signs for Great Sand Dunes National Park. Driving Instructions Elevations Terrain [3]

The sun sets a different time every day, and it varies by exactly where you are, but here's a rough guide by month, assuming you're around Naples Florida. What time is sunset in Florida? Walk onto the Venice Fishing pier to experience the sunset over the ocean, or simply sit on the beach with the pier in view. Venice Beach houses in Cape Coral. For the perfect romantic beach sunset vibe - sand, palm trees and the ocean sunset. Cape Coral Book a stay near Disney. August- 20:01 Disney Key West [4]"
Tóm tắt thông tin từ hai nguồn về vé trẻ em.,Trẻ em dưới 6 tuổi được miễn vé; trẻ em từ 6 đến 12 tuổi được giảm 50%. [1][2],"Cách di chuyển từ sn bay Nội Bài về Hà Nội (2026): Các lựa chọn di chuyển tốt nhất, Chi phí & Cẩm nang du lịch Ảnh Đại Diện Của Tác Giả Bởi YY ngày 2 tháng 3 năm 2026 Cách di chuyển từ sn bay Nội Bài về Hà Nội Bạn đang lên kế hoạch cho chuyến du lịch Hà Nội mà vẫn còn băn khoăn không biết làm sao để di chuyển từ sn bay về trung tm cho thuận tiện? Bảng so sánh chi phí di chuyển từ Nội Bài về Hà Nội Sn bay quốc tế Nội Bài | Hướng dẫn điền Tờ khai nhập cảnh Việt Nam Xe buýt công cộng Hà Nội | | [1]

Đi hơn 200km đưa gia đình đến chơi công viên Thủ Lệ vui dịp nghỉ lễ Thời sự PhotoNews Báo điện tử Dn trí - Tin tức cập nhật liên tục 24/7 Sáng nay, Hà Nội đón nắng nhẹ, gió mát, thời tiết phù hợp cho các hoạt động ngoài trời. Nhiều gia đình từ khắp nơi đưa con nhỏ đến công viên Thủ Lệ, vui chơi, tận hưởng kỳ nghỉ 30/4 và 1/5. Xung quanh khu chuồng voi, đông kín trẻ nhỏ đứng xem, háo hức dõi theo từng chuyển động của con vật khổng lồ. ""Gia đình ưu tiên đưa con ra ngoài trong những ngày nghỉ. 1. [2]

Nov 6, 2025 — Giờ mở cửa: 5:30 - 22:00 mỗi ngày; Giá vé: 5. VNĐ. Vườn Bách Thảo mở cửa rất sớm từ 5h - 22h (Ảnh: sưu tầm). Giá vé vườn Bách ...Read more [3]

Giờ mở cửa: MÙA HÈ: Từ 01 tháng 4 đến 31 tháng 10 Sáng : Từ 7h30 đến 11h Chiều: Từ 13h30 đến 16h00. Từ 8h00 đến 11h00 [4]"
Summarize the two sources about parking.,The north lot has 40 spaces; the south lot has 25 spaces and is open overnight. [1][2],"Aside from the Charleston Police emblem featured on The Citadel’s gates, the wrought-iron sword motif gracing two gates on The Citadel’s campus are identical to those at the well-known Sword Gates House at 32 Legare Street in Charleston. Sword Gates at The Citadel Ralph Mayer of Lexington, 2013 © Do Not Use Without Written Consent The chapel is nondenominational and hosts weekly Catholic, Episcopal, and Protestant services. Sarah Fick of Charleston, 2013 © Do Not Use Without Written Consent St. [1]

What if 40 minutes of instrumental music made by two friends passing files across state lines could capture the range of human experience, or at least a disproportionate chunk of it—worry and camaraderie, hope and frustration, tenderness and absurdity? Google Calendar ICS The Cedar Cultural Center (map) First Avenue presents CROZ BOYCE September 2024 22 Sep First Avenue presents CROZ BOYCE View Event → The Cedar Cultural Center (map) Google Calendar ICS The Cedar Cultural Center (map) 20 Sep [2]

Usually, you would want to head west to watch a sunset so that you can see out to the horizon in the ocean - but the great thing about Florida is that it's quite flat, so has huge skies. Watching the sunset from the perfect spot - be it sat on the beach, cocktail in hand, from a romantic table in a fine restaurant, or from the poolside in your rental - here are our recommendations on the best places to view the perfect sunset in Florida. The perfect way to round off the day? Indian Shores [3]

This post on which American international airports have a train to the city center was updated in August of 2025. Check the individual links for fare details. Most systems have discounts for students, the elderly, and others and children under a certain age (often below 6) can ride a train from the airport for free. Note that all prices in this article are one-way or limited-time adult full fares. (Or vice-versa to get to Toronto’s airport from where you’re staying.) The Worst Airports and… 1. [4]"
Nguồn tiếng Anh nói gì về giờ tham quan?,Khách có thể vào tham quan từ 8:00 sáng đến 4:30 chiều. [1],"Vườn Quốc gia Cát Tiên có gì hấp dẫn?4.1 Trekking xuyên rừng với 6 tuyến, khám phá hệ sinh thái động thực vật phong phú4.2 Chiêm ngưỡng bức tranh thuỷ mặc đẹp động lòng người tại Bàu Sấu4.3 Khám phá trạm cứu hộ gấu4.4 Địa điểm lý tưởng để dã ngoại, cắm trại qua đêm4.5 Trải nghiệm tour xem thú đêm hoang dã4.6 Ghé Làng du lịch cộng đồng Tà Lài, khám phá văn hóa cộng đồng dn tộc Mạ - Stiêng4.7 Tham quan Thánh địa Cát Tiên bí ẩn giữa rừng già5. Hướng dẫn đường đi đến Vườn Quốc gia Cát Tiên4. 1. 1. [1]

Title: Quy định đội mũ bảo hiểm khi tham gia giao thông chuẩn xác nhất Quy định đội mũ bảo hiểm khi tham gia giao thông chuẩn xác nhất. Đội mũ bảo hiểm khi tham gia giao thông đã trở thành quy định bắt buộc cho tất cả mọi người khi điều khiển xe mô tô, xe máy. *Đội mũ bảo hiểm là quy định bắt buộc khi tham gia giao thông đường bộ*. Ngoài ra người lớn đội mũ bảo hiểm đúng luật cũng là một tấm gương cho trẻ em noi theo từ đó hình thành một nét đẹp văn hoá khi tham gia giao thông. [2]

Để duy trì, bảo tồn và phát triển phố cổ Hội An cần rất nhiều nguồn kinh phí để tu bổ hàng năm, do đó bán vé tham quan phố cổ Hội An là một trong những nguồn kinh phí xã hội hóa, mà bạn đã góp phần tích cực vào công cuộc xy dựng và bảo tồn địa điểm du lịch này. Phố cổ Hội An được UNESCO công nhận di sản văn hóa thế giới vào năm 1999, đy chính là niềm vinh dự không chỉ cho người dn Quảng Nam mà còn cho cả Việt Nam. Những địa điểm phố cổ Hội An cần phải mua vé tham quan Bản đồ du lịch Du lịch [3]

Giờ tham quan và Giá vé Danh mục khác MUA VÉ + TRA CỨU HÓA ĐƠN + SN QUẦN VỢT + NHÀ HÀNG, TIỆC CƯỚI + HỘI NGHỊ – HỘI THẢO + KHÁCH SẠN + CHUỖI CAFE DINH ĐỘC LẬP DỊCH VỤ + HOẠT ĐỘNG GIÁO DỤC + CHƯƠNG TRÌNH NGOẠI KHÓA CHO NHÓM >100 NGƯỜI + CHƯƠNG TRÌNH NGOẠI KHÓA “KHÁM PHÁ DI SẢN” GIÁO DỤC + CU CHUYỆN LỊCH SỬ + HÌNH THỨC THAM QUAN + TRẢI NGHIỆM 360 + TRƯNG BÀY + DI TÍCH LỊCH SỬ DINH ĐỘC LẬP THAM QUAN + TIN TỨC + HOẠT ĐỘNG Di tích lịch sử Dinh Độc LậpDi tích lịch sử Dinh Độc Lập 7:00 AM - 6:00 PM [4]"
Can you compare the two access routes?,"The river route takes 20 minutes by boat, while the road route takes 35 minutes by bus. [1][2]","If you cannot access the tickets on your , you can go to a ticket booth window to request they print the ticket or resend the email with the ticket to someone else in your party with a functioning /email. Simply buy CityPASS® online and then, for the best experience, reserve your visit date and time here: My CityPASS® app. One easy purchase and mobile ticket delivery saves time and money. Yes, bundle Aquarium admission with 3 other top Boston attractions and save up to 45% with Boston [1]

Usually, you would want to head west to watch a sunset so that you can see out to the horizon in the ocean - but the great thing about Florida is that it's quite flat, so has huge skies. Watching the sunset from the perfect spot - be it sat on the beach, cocktail in hand, from a romantic table in a fine restaurant, or from the poolside in your rental - here are our recommendations on the best places to view the perfect sunset in Florida. The perfect way to round off the day? Indian Shores [2]

airports with a train to the city center, but if you are going to or from Toronto, buy a pass before boarding and you can ride from Pearson Airport to Union Station, which connects to other subway lines. This post is only about U.S. Cost: $2 one-way A ticket on Valley Metro is the same price no matter where you’re going so you can ride from the airport to nearly 40 stops along the route in either direction. Check the individual links for fare details. PHOENIX SKY HARBOR INTERNATIONAL – ARIZONA [3]

Aside from the Charleston Police emblem featured on The Citadel’s gates, the wrought-iron sword motif gracing two gates on The Citadel’s campus are identical to those at the well-known Sword Gates House at 32 Legare Street in Charleston. Sword Gates at The Citadel Ralph Mayer of Lexington, 2013 © Do Not Use Without Written Consent The chapel is nondenominational and hosts weekly Catholic, Episcopal, and Protestant services. Sarah Fick of Charleston, 2013 © Do Not Use Without Written Consent St. [4]"
Giá vé hôm nay là bao nhiêu?,Chưa có nguồn đáng tin cậy để trả lời câu hỏi này.,"Tại Phố cổ Hội An, giá vé tham quan dành cho du khách Việt Nam là 80.000 VNĐ/người và du khách quốc tế là 120.000 VNĐ/người. [1]

Trẻ em từ 1m đến 1.4m tại Hội An có giá vé là 50.000 VNĐ/người, trong khi trẻ em dưới 1m được miễn phí. [1]

Giá vé vào cổng Công viên Bách thảo Hà Nội là 5.000 VNĐ đối với người lớn và 2.000 VNĐ đối với trẻ em. [2]

Nguồn không đề cập đến giá vé cho Bảo tàng Lịch sử Quân sự Việt Nam. Ngoài ra, giá vé tại các địa điểm có thể thay đổi tùy theo chính sách của ban quản lý tại thời điểm bạn ghé thăm."
What is the current weather at the summit?,No reliable source was available to answer this question.,"The college is historically significant in that Citadel cadets positioned on Morris Island fired the first shots of the Civil War at the Federal supply ship, Star of the West, on January 9th, 1861. The Citadel, the Military College of South Carolina – commonly called The Citadel – opened on March 20th, 1843, in the former South Carolina State Arsenal (now the Embassy Suites hotel) on Marion Square in downtown Charleston. SC Picture Project / Charleston County / The Citadel The Citadel I.S.H. [1]

Usually, you would want to head west to watch a sunset so that you can see out to the horizon in the ocean - but the great thing about Florida is that it's quite flat, so has huge skies. Watching the sunset from the perfect spot - be it sat on the beach, cocktail in hand, from a romantic table in a fine restaurant, or from the poolside in your rental - here are our recommendations on the best places to view the perfect sunset in Florida. The perfect way to round off the day? Indian Shores [2]

Hiking on wet rocks in the creek the last 75 yards to see the falls is required and can be difficult footing at times, especially during spring runoff or heavy rain during summer thunderstorms. Rocky trail with high desert vegetation mixed with forest especially near the creek. Terrain Though perhaps sunny and warm outside the cave, it can be quite cool near the falls, as the cave is out of the reach of the sun. The water is snowmelt and is cold. WEAR SHOES THAT CAN GET WET. Description Notes [3]

This is the main gate to the base: Manned by our elite security forces personnel, this gate is the point at which visiting individuals are granted access via a temporary visitor's pass to Barksdale AFB. At the end of the Shreveport-Barksdale bridge is the west gate. Three on the main base and one on Barksdale's East Reservation to accommodate east-side residents. Barksdale currently operates four gates for admittance onto the base. Gate Information Air Force Logo U.S. (North) Bossier City Gate [4]"
Tóm tắt thông tin tham quan.,Giờ tham quan được nguồn ghi là 09:00. [1],"Title: Quy định đội mũ bảo hiểm khi tham gia giao thông chuẩn xác nhất Quy định đội mũ bảo hiểm khi tham gia giao thông chuẩn xác nhất. Đội mũ bảo hiểm khi tham gia giao thông đã trở thành quy định bắt buộc cho tất cả mọi người khi điều khiển xe mô tô, xe máy. *Đội mũ bảo hiểm là quy định bắt buộc khi tham gia giao thông đường bộ*. Ngoài ra người lớn đội mũ bảo hiểm đúng luật cũng là một tấm gương cho trẻ em noi theo từ đó hình thành một nét đẹp văn hoá khi tham gia giao thông. [1]

Vì vậy, kết thúc ngày hội “Doanh nghiệp và người khuyết tật” (3.12) năm nay, UBND thành phố đã phát đi thông điệp “Du lịch Hội An - Thúc đẩy hòa nhập, cơ hội của chính bạn”. Thúc đẩy hòa nhập của người khuyết tật không chỉ tạo ra sự thay đổi tích cực mà còn là cơ hội của cả cộng đồng, của các doanh nghiệp trên phương diện phát triển kinh doanh và văn hóa. ĐỖ HUẤN Nguồn tin: Báo Quảng Nam Từ khóa: từ thông, doanh nghiệp, hoạt động, tích cực, góp phần, thúc đẩy Ý kiến bạn đọc Những tin mới hơn | [2]

Cách di chuyển từ sn bay Nội Bài về Hà Nội (2026): Các lựa chọn di chuyển tốt nhất, Chi phí & Cẩm nang du lịch Ảnh Đại Diện Của Tác Giả Bởi YY ngày 2 tháng 3 năm 2026 Cách di chuyển từ sn bay Nội Bài về Hà Nội Bạn đang lên kế hoạch cho chuyến du lịch Hà Nội mà vẫn còn băn khoăn không biết làm sao để di chuyển từ sn bay về trung tm cho thuận tiện? Bảng so sánh chi phí di chuyển từ Nội Bài về Hà Nội Sn bay quốc tế Nội Bài | Hướng dẫn điền Tờ khai nhập cảnh Việt Nam Xe buýt công cộng Hà Nội | | [3]

Mang vẻ đẹp nguy nga tráng lệ, không gian rộng lớn uy nghiêm, cùng lối kiến trúc Trung Hoa độc đáo, hội quán Phúc Kiến là một địa điểm du lịch Hội An nổi tiếng, thu hút nhiều du khách đến tham quan hằng năm. Địa chỉ: 46 Trần Phú, Hội An Hội quán Phúc Kiến 1.2. Đặt vé VinWonders Nam Hội An Image 56: địa điểm du lịch Hội An_VinWonders Hội An lung linh trong ánh đèn đêm_ _>>> Xem thêm:Trọn bộ bí kíp “phá đảo” VinWonders Nam Hội An - Tổ hợp vui chơi giải trí số 1 Hội An_ 1.4. Hội quán Quảng Đông 1. [4]"
What is the opening time?,The venue opens at 07:15. [1],"Portland Saturday Market mở cửa vào các ngày cuối tuần từ đầu tháng 3 cho đến ngày trước Giáng sinh. [1]

The Citadel Dress Parade tại Charleston thường diễn ra vào mỗi chiều thứ Sáu, tùy thuộc vào điều kiện thời tiết. [2]

Thời gian mặt trời lặn tại Florida thay đổi theo từng ngày và từng địa điểm cụ thể trong bang. [3]

Nguồn cung cấp không nêu rõ giờ mở cửa cụ thể (giờ bắt đầu và kết thúc) cho Zapata Falls Trail hoặc các địa điểm khác ngoài thông tin về lịch trình sự kiện định kỳ."
Thông tin này còn mới không?,Nguồn được cập nhật lần cuối vào 2026-07-01 và ghi giờ mở cửa 08:30–17:30. [1],"Vì vậy, trong mỗi bài viết, mình không chỉ chia sẻ về những điểm “check-in” nổi tiếng hay trải nghiệm văn hóa thú vị, mà còn gợi ý những lựa chọn về giao thông, nơi ở tiện lợi để chuyến đi của bạn thực sự suôn sẻ và tiết kiệm. Mình tin rằng một chuyến đi trọn vẹn bắt đầu từ những chuẩn bị chu đáo: từ visa, thẻ nhập cảnh, cho đến vé máy bay giá tốt và khách sạn phù hợp. kinh nghiệm du lịch tự túc hướng dẫn visa, tờ khai nhập cảnh > View profile Travel writer YY ❓Những cu hỏi thường gặp (FAQs)) [1]

Chuyên gia giải mã nguyên nhân khiến lượng mưa 1 ngày ở Huế đạt mức cao nhất lịch sử? | Hà Nam TV Ninh Bình Digital 315000 subscribers 52 likes Description 29269 views Posted: 30 Oct 2025 lulut dinhbachma muaohue Truyền Hình Hà Nam | Đỉnh Bạch Mã (TP Huế) vừa lập kỷ lục mưa lớn nhất Việt Nam với 1.739 mm trong 24 giờ, tiệm cận kỷ lục thế giới và gần bằng lượng mưa trung bình năm của cả nước. Hà Nam TV là kênh Youtube chính thức của Báo Hà Nam. Thời sự quốc tế mới nhất: Đăng kí ngay 👉 [âm [2]

Lễ hội đèn lồng Trung Quốc chính thức khép lại chuỗi ngày lễ này vào ngày 15 tháng Giêng. Sau ngày lễ này, mọi quy tắc kiêng kỵ trong năm [3]

Diễn ra vào tháng 10 hàng năm tại thành phố Jinju, tỉnh Gyeongsangnam-do với hơn 2,8 triệu người tham dự. Bên cạnh những mẫu đèn lồng rực rỡ, lễ [4]"
Is the archived timetable still valid?,The timetable may be outdated because it was last fetched in 2024; it lists departures at 09:00 and 13:00. [1],"This short hike can be combined with the South Zapata Lake Trail, which is a nearly 10 mile round trip steep trail. Notes The water from the creek never joins another stream as it disappears underground when it reaches the valley. The waterfall is a geologic wonder. Zebulon Pike and his exploring team camped near South Zapata Creek where it flows into the San Luis Valley in January 1807. Significance VISIT ALAMOSA NEWSLETTER SIGN UP Go to the homepage Do Colorado Right Coalition logo Explore [1]

Usually, you would want to head west to watch a sunset so that you can see out to the horizon in the ocean - but the great thing about Florida is that it's quite flat, so has huge skies. Watching the sunset from the perfect spot - be it sat on the beach, cocktail in hand, from a romantic table in a fine restaurant, or from the poolside in your rental - here are our recommendations on the best places to view the perfect sunset in Florida. The perfect way to round off the day? Indian Shores [2]

With such a variety of goods handcrafted by more than 200 vendors, the Portland Saturday Market is naturally a great place to score gifts and souvenirs any time of the year, especially during holiday shopping. The Portland Saturday Market is a great place to shop local art and eat some great food. 3 of 3 light rail on tracks by stone arches with tents and vendors Credit: Justin Katigbak > A post shared by A Little Sun (@alittlesunart) 2 of 3 People stand under a canopy with signs reading > 8 15 [3]

The college is historically significant in that Citadel cadets positioned on Morris Island fired the first shots of the Civil War at the Federal supply ship, Star of the West, on January 9th, 1861. The Citadel, the Military College of South Carolina – commonly called The Citadel – opened on March 20th, 1843, in the former South Carolina State Arsenal (now the Embassy Suites hotel) on Marion Square in downtown Charleston. SC Picture Project / Charleston County / The Citadel The Citadel I.S.H. [4]"
Hãy trả lời chỉ dựa trên nguồn nếu có thể; điểm tham quan có wifi không?,Nguồn không đề cập địa điểm có Wi-Fi hay không; nguồn chỉ ghi giờ mở cửa 08:00–17:00. [1],"Hiện tại, các nguồn thông tin được cung cấp không đề cập đến việc điểm tham quan Dinh Độc Lập có cung cấp dịch vụ wifi cho du khách hay không. [1][2]

Thông tin về dịch vụ wifi tại Dinh Độc Lập không được đề cập trong các tài liệu tham khảo hiện có."
Does the source confirm a restaurant reservation?,The source does not confirm whether reservations are available. [1],"Watching the sunset from the perfect spot - be it sat on the beach, cocktail in hand, from a romantic table in a fine restaurant, or from the poolside in your rental - here are our recommendations on the best places to view the perfect sunset in Florida. The perfect way to round off the day? You've booked yourself a beachside vacation rental and after a long trip you're spending your first evening soaking up the sunshine and enjoying the stunning water. The best sunsets in Florida Indian Shores [1]

Getting to Green Island from Cairns is one of the simplest reef day trips you can plan. Book Your Green Island Day Trip The team at the Reef Info Visitor Centre on Abbott Street in Cairns can also help if you want advice on which Green Island package suits your group. If this is your first trip to the reef area, our first-timer’s guide to the Great Barrier Reef covers broader planning tips including what to expect on the water, sun protection, and how to choose between reef experiences. Back [2]

Aside from the Charleston Police emblem featured on The Citadel’s gates, the wrought-iron sword motif gracing two gates on The Citadel’s campus are identical to those at the well-known Sword Gates House at 32 Legare Street in Charleston. Sword Gates at The Citadel Ralph Mayer of Lexington, 2013 © Do Not Use Without Written Consent The chapel is nondenominational and hosts weekly Catholic, Episcopal, and Protestant services. Sarah Fick of Charleston, 2013 © Do Not Use Without Written Consent St. [3]

Step into the past at 6 historic houses in Riverside. All historic houses to visit in Riverside Current: Historic houses 5. Riverside 4. California 3. United States 2. Homepage 1. Historic houses in Riverside Search Menu Open/close menu Jensen Alvarado Historic Ranch and Museum Riverside, CA The Jensen Alvarado Ranch, located in Jurupa Valley, California, is a historic park and museum. It is managed by the Riverside County Regional Park and Open-Space District. 3.9 History 4. 3 Riverside, CA [4]"
Tôi muốn biết địa điểm có đang đóng cửa do sửa chữa không.,Chưa có nguồn đáng tin cậy để trả lời câu hỏi này.,"Nếu nhà mình có bé 2-12 tuổi và đang cn nhắc đi tour nước ngoài, cu “trẻ em tính giá tour như thế nào” thường là điểm then chốt để cả gia đình quyết được: đi nước nào, ở phòng gì, chọn lịch trình nhẹ hay dày, và tổng ngn sách có “vượt trần” không. Cách hiểu đúng theo độ tuổi, giường phòng và vé máy bay để gia đình chốt ngn sách “không phát sinh” Trẻ em tính giá tour như thế nào (2026)? 17:44:35 11-02-2026) Hoang Thinh Dong Giá Tour Trẻ Em 2026: Cách Tính Chuẩn Khi Đi Outbound | Đi tour 5 ngày. [1]

Nên mua vé tham quan trước: Do lượng du khách rất đông nên tất cả các địa điểm du lịch Trung Quốc đều khuyến cáo du khách nên mua vé tham quan trước ít nhất 1 ngày đến 1 tuần để có thể vào cửa Chẳng hạn ở trên núi cao thì nên chuẩn bị trang phục dày, giữ ấm cho cơ thể; vào đền chùa thì mặc đồ kín đáo… Chọn trang phục phù hợp: Tùy vào tính chất của từng địa điểm tham quan mà bạn chọn trang phục cho hợp lý. Do đó, bạn nên sắp xếp đi sớm để đủ thời gian trải nghiệm. Sản phẩm Giá tham khảo Xem thêm [2]

Có thể nói nhà thờ Đức Bà Sài Gòn là một trong những địa điểm du lịch nổi bật nhất nơi đây, còn được biết đến với cái tên khác là Nhà thờ chính tòa Đức Bà Sài Gòn hay Vương cung thánh đường chính tòa Đức Mẹ Vô nhiễm Nguyên tội. Giá vé tham khảo: Miễn phí Giờ mở cửa: 8h30 – 10h30 và 14h30 – 15h30 (Từ thứ 2 đến thứ 6) HCM Địa chỉ: Số 1 Công xã Paris, phường Sài Gòn (Quận 1 cũ), TP. 1.1 Nhà thờ Đức Bà biểu tượng 1 Những địa điểm du lịch Sài Gòn mang đậm dấu ấn lịch sử Xem nhanh Xem nhanh Giỏ hàng [3]

Tôi là nam giới, người da trắng, 24 tuổi và có một cái tên phương Tây phổ biến. Tôi cực kỳ mê đồ ăn châu Á và nhờ [4]"
Please answer in English: is the museum open on Tuesday?,The museum is open on Tuesday from 09:00 to 17:00. [1],"Riverside Art Museum is open on Tuesdays from 10 AM to 5 PM. [1]

The information provided specifically refers to the Riverside Art Museum in Riverside, California. If you were inquiring about a different museum, please provide the specific name so I can assist you further."
